0,1,2,3,4,5,6,7,8,9,10,11,12,13,14,15,16,17,18,19,20
Matriks Rencana Induk Rehabilitasi dan Rekontruksi Pascabencana Alam Sumatera,,,,,,,,,,,,,,,,,,,,
,,,,,,,,,,,,,,,,,,,,
,,,,,,,,,,,,,,,,,,,,
No,Isu dan Dampak Pascabencana yang ditangani ,Program/Kegiatan,Sektor Pemulihan,RO,Rencana Aksi,,,,,Sasaran,Lokasi,,,,,,Total Anggaran,Sumber Dana,Skema Pelaksanaan,Mitra Daerah/Non Pemerintahan
,,,,,,Provinsi,Kab/Kota,Kecamatan,Desa/Kelurahan,,2026,,2027,,2028,,,,,
,,,,,,,,,,,Output,Anggaran (Rp. 000),Output ,Anggaran (Rp. 000),Output ,Anggaran (Rp. 000),,,,
Rencana Aksi Rehabilitasi dan Pembangunan Ekonomi Provinsi Aceh,,,,,,,,,,,,,,,,,,,,
1,"Sarana dan Prasarana Usaha KP 7,981 Nelayan Terdampak",Rehabilitasi Sarpras Pelabuhan Perikanan,Infrastruktur,Rehabilitasi Prasarana Pascabencana,Pengerukan pendangkalan alur sungai dan/atau kolam labuh,Aceh,"Kota Lhoukseumawe, Aceh Tamiang, Aceh Timur, Aceh Utara, Bireuen, Kota Langsa",,,Lokasi Pelabuhan Perikanan,Rehabilitasi Prasarana Pelabuhan Perikanan,25040000,Rehabilitasi Prasarana Pelabuhan Perikanan,42180000,Rehabilitasi Prasarana Pelabuhan Perikanan,44460000,111680000,APBN tambahan,Pusat,Dinas provinsi
,,,,,"Dermaga, revetment, dan jetty",,,,,,,,,,,,,,,
,,,,,"Prasarana (kantor, TPI, UPI pagar, kios nelayan, balai nelayan, fasilitasi pembangunan SPBUN)",,,,,,,,,,,,,,,
,,,,,Sarana penyelenggaraan operasional pelabuhan perikanan,,,,,,,,,,,,,,,
,,Bantuan Sarpras Pelabuhan Perikanan,ekonomi,Pemulihan Ekonomi Pascabencana,Kapal perikanan,,,,,Kelompok Nelayan,Sarana Penangkapan Ikan,90571800,Sarana Penangkapan Ikan,90571800,Sarana Penangkapan Ikan,73386400,254530000,APBN tambahan,,Dinas Provinsi/Kab/kota
,,,,,Mesin kapal,,,,,,,,,,,,,,,
,,,,,Alat penangkapan ikan,,,,,,,,,,,,,,,
2,"Sarana dan Prasarana Usaha KP 23,466 Orang  Pembudidaya Terdampak",Rehabilitasi Perikanan Budi Daya,Infrastruktur,Rehabilitasi Prasarana Pascabencana,Perbaikan tambak,Aceh,"Aceh Utara, Bireuen, Kota Lhoukseumawe, Pidie Jaya, Aceh Tenggara","Sawang, Gandapura, Jangka, Jeumpa, Jeunieb, Kuala, Kuta Blang, Peudada, Peulimbang, Peusangan, Samalanga, Simpang Mamplam, Blang Mangat, Bandar Baru, Panteraja, Trienggadeng, Meureudu, Meurah Dua, Ulim, Jangka Buya, Babussalam, Bambel Darul Hasanah, Ketambe","Jurong, Alue Mangki, Blang Keude, Blang Rheu, Cot Mane, Ie Rhob, Lapang Barat, Lhok Mambang, Lingka Kuta, Mon Jambee, Mon Keulayu, Samuti Aman, Samuti Krueng, Samuti Makmur, Teupin Siron, Alue Bie Pusong, Alue Buya, Alue Buya Bayeu Utang, Alue Buya Pasie, Alue Kuta, Bugak Mesjid, Bugeng, Jangka Alue Bie, Jangka Alue U, Jangka Keutapang, Jangka Mesjid, Kuala Ceurape, PP Mns Dua, Pante Paku, Pante Ranub, Pante Sukon, Paya Bieng, Pulo Iboh, Punjot, Tanjongan, Tanoh Anoe, Ulee Ceu, Beurawang, Cot Bada, Kuala Jeumpa, Teupok Baroh, Teupok Tunong, Blang Lancang, Blang Mee Barat, Lancang, Matang Bangka, Matang Nibong, Matang Teugoh, Teupin Kupula, Cot U Sibak, Kareueng, Krueng Juli Barat, Krueng Juli Timu, Jambo Kajeung, Blang Kubu, Calok, Gampong Baro, Kukue, Matang Pasie, Matang Reuleut, Mns Blang, Mns Pulo, Neubok Naleung, Paya, Paya Tiu, Sawang, Seuneubok Paya, Rambong Payong, Seuneubok Plimbang, Seuneubok Seumawe, Angking Barat, Gampong Baro, Meuliek, Pineung Siribee, Sangso, Tanjong Baro, Calok, Jambo Mesjid, Paru Cot, Lancang Paru, Paru Keude, Musa Teungoh, Musa Baroh, Lancok Baroh, Udeung, Pulo Pueb, Lancok Manyang, Lancok Mesjid, Sawang, Cot Nyong, Tu, Hagu, Keude Panteraja, Gampong Mesjid, Peurade, Reudeup, Tueng Kluet, Matang, Keude, Sagoi, Meue, Rawa Sari, Meucat, Cot Lheue Rheng, Deah Pangwa, Mee Pangwa, Meunasah Balek, Meuraksa, Rhing Krueng, Meuraksa, Rhing Krueng, Meunasah Jurong, Buangan, Lueng Bimba, Meunasah Jurong, Buangan, Lueng Bimba, Siblah Coh, Pulo Ulim, Grong-Grong Capa, Mesjid Ulim/ Baroh, Dayah Lubue, Tijien Daboh, Tijien Husen, Geulanggang, Meunasah Bueng, Siblah Coh, Grong-Grong Capa, Mesjid Ulim/ Baroh, Dayah Lubue, Geulanggang, Meunasah Bueng, Kiran Baroh, Meunasah Beureumbang, Gampong Cot, Jurong Binje, Jurong Teungoh, Jurong Ara, Kiran Baroh, Meunasah Beureumbang, Gampong Cot, Jurong Binje, Jurong Teungoh, Jurong Ara, Kayu Mentangur, Simpang Iii Jongar, Lawe Beringin, Bintng Bener, Bukit Baru, Aunan Sepakat, Ketambe, Tanjung Lama, Tanjung Mbakhu, Tanjung Aman, Mamas Indah, Lawe Mamas, Simpang Iv Tanjung, Mamas Baru, Buntul Kendawi, Batu Mbulan I, Kutarih, Bambel Gabungan, Terutung Pedi",Lokasi Budi Daya ikan,Budi Daya Perikanan,230610000,Budi Daya Perikanan,230610000,Budi Daya Perikanan,230610000,691830000,APBN tambahan,Pusat,Dinas Provinsi/Kab/kota
,,,,,pintu air,,"Aceh Selatan, Aceh Tamiang, Aceh Timur, Aceh Utara, Bireuen, Pidie, Pidie Jaya, Kota Lhoukseumawe","Kluet Selatan, Bunda Mulia, Bendahara, Manyak Payed, Seruway, Birem Bayeun, Darul Aman, Idi Rayeuk, Julok, Madat, Pereulak, Pereulak Barat, Pereulak Timur, Peudawa, Simpang Ulim, Baktiya, Baktiya Barat, Dewantara, Lapang, Lhoksukon, Muara Batu, Nisam, Samudera, Seunoddon, Syamtalira Aron, Tanah Pasir, Gandapura, Jangka, Jeumpa, Kuala, Peudada, Samalanga, Batee, Glumpang Baro, Kembang Tanjong, Muara Tiga, Pidie, Simpang Tiga, Jangka Buya, Meredeu, Meurah Dua, Panteraja, Trienggadeng, Ulim, Blang Mangat, Muara Dua, Muara Satu","Indra Damai, Alur Nunang, Tanjung Keramat, Bandar Khalifah, Seuneubok Aceh, Alue Ie Puteh, Seuneubok Cantik, Sei Kuruk 3, Tualang, Ilidayah, Seunobok Baroh, Ulee Blang, Gampong Baro, Kuala Geulempang, Labuhan, Lhok Sentang, Neleung, Simpang Lhee, Abeuk Gelante, Leuweng Dua, Leuweng Empat, Leuweng Sa, Matang Kupula Dua, Matang Kupula Tiga, Meunasah Hasan, Meunasah Tingkem, Pante Bayam, Kuala Beukah, Paya Lipah, Beusa Baro, Paya Gajah, Alue Bugeng, Babah Krueng, Seuneubok Punti, Seuneubok Teupin, Gampong Keudee, Paya Dua, Bantayan, Kuala Simpang Ulim, Tepin Mamlam, Alue Buya, Matang Cut, Matang Raya Barat, Tanjong Geulumpang, Blang Rheue, Blang Seunong, Cot Laba, Cot Murong, Cot Usen, Lhok Euncin, Lhok Iboh, Matang Raya, Matang Sijuek Barat, Matang Sijuk Teungoh, Matang Sijuk Tmu, Meunasah Hagu, Meunasah Pante, Meurandeh Paya, Paya Bateung, Bluka Teubai, Glumpang Sulu Barat, Glumpang Sulu Timu, Lancang Barat, Paloh Gadeng, Tambon Tunong, Ulee Reulueng, Geulanggang Baro, Keude Lapang, Kuala Cangkoy, Kuala Keureutoe, Lueng Baro, Matang Baroh, Matang Tunong, Merbo Jurong, Merbo Lama, Arongan AB, Cot Geulumpang AB, Keude Bungkaih, Pante Gurah, Baroh Blang Rimueng, Blang karieng, Dayah Baro, Lancok, Punti, Blang Nibong, Bringen, Geulumpang, Krueng Mate, Kuta Krueng, Laga Baroe, Lancang, Matang Puntong, Matang Ulim, Meucat, Pulo Gajah Matee, Puul, Sawang, Matang Puntong, Lancang, Pulo Gajah Matee, Meucat, Matang Puntong, Alue Capli, Cot Kafiraton, Cot Patisah, Lhok Puuk, Mane Kawan, Matang Anoe, Matang Karieng, Matang Lada, Matang Panyang, Matang Puntong, Meunasah Sagoe, Paya Dua Ujong, Teupin Kuyuen, Ulee Matang, Ulee Rubek Barat, Ulee Rubek Timu, Ulee Titi, Mampree, Cibrek, Keude Jrat Manyang, Keutapang, Kuala Keureuto Barat, Matang Janeng, Mee Merbo, Pande, Prie, Teupin Gapeuh, Blang Rheu, Lhok Mambang, Samuti krueng, Alue Buya Pasie, Cot Bada, Kuala Jeumpa, Teupok Baroh, Teupok Tunong, Krueng Juli Barat, Krueng Juli Timu. Calok, Gampong Baro, Kukue, Matang Pasie, Matang Reuleut, Mns.Blang, Mns.pulo, Neubok Naleung, Paya Timu, Seuneubok Paya, Angking Barat, Gampong Baro, Pineung Siribee, BintangHue, Kulee, Kumbang, Palong, Ukee, Lancang, Arusan, KayeePanyang, Lancang, Meuraksa, PasieIeLeubeu, PasieLhouk, Pusong, TanjongKrueng, Meuraksa, GampongCot, CotTeungoh, GampongBaroh, PuloBubee, Pulo Gajah Matee, Blang Leun, Cebrek , Cot Jaja, Kupula, Lambideng, Lheue, Mantak Raya, Mesjid Gigieng, Mesjid Tungoe, Meunasah Lhee, Peukan Sot, Pulo Gajah Matee, Raya Paleu , Seukee, Sukon, Ujong Gampong, Gampong Cot, Jurong Ara, Jurong Binje, Jurong Teungoh, Kiran Baroh, Meunasah Beureumbang, Meunasah Balek, Meuraksa, Rhing Krueng, Buangan, Lueng Bimba, Meunasah Jurong, Gampong Mesjid, Peurade, Reudeup, Meucat, Cot Lheue Rheng, Deah Pangwa, Mee Pangwa, Meucat, Rawa Sari, Dayah Lubue, Geulanggang, Grong-Grong Capa, Mesjid Ulim/ Baroh, Meunasah Bueng, Pulo Ulim, Siblah Coh, Tijien Daboh, Tijien Husen, Blang Cut, Blang Teue, Jambo Timu, Kuala Meuraksa, Mesjid Punteuet, Cut Mamplam, Meunasah Manyang, Meunasah Mesjid, Panggoi, Batuphat Timur, Blang Naleung Mameh, Blang Pulo, Meuriah Paloh, Padang Sakti, Ujong Pacu",,,,,,,,,,Pusat,
,,,,,saluran,,"Aceh Tamiang, Aceh Utara, Bireuen, Pidie, Pidie Jaya, Kota Lhoukseumawe","Banda Mulia, Bendahara, Manyak Payed, Seruway, Baktiya, Baktiya Barat, Dewantara, Lhoksukon, Muara Batu, Nisam, Samudera, Sawang, Seunuddon, Syamtalira Aron, Tanah Pasir, Gandapura, Kuala, Peudada, Samalanga, Batee, Glumpang Baro, Kembang Tanjong, Muara Tiga, Pidie, Simpang Tiga, Bandar Baru, Jangka Buya, Meredeu, Trienggadeng, Ulim, Muara Satu","Suka Jadi, Bandar Khalifah, Dagang Setia, Sei Kuruk 1, Matang Raya Barat, Cot Laba, Glumpang Sulu Timu,  Cot Geulumpang AB, Pante Gurah, Blang karieng, Lancok, Meucat, Pante Jaloh, Matang Karieng, Mampree, Mee Merbo, Blang Rheu, Samuti krueng, Krueng Juli Barat, Calok, Gampong Baro, Kukue, Matang Pasie, Matang Reuleut, Mns.Blang, Mns.pulo, Neubok Naleung, Paya, Sawang, Seuneubok Paya, Angking Barat, Pante Rheng, Pineung Siribee, BintangHue, Kulee, Kumbang, Palong, Ukee, Arusan, KayeePanyang, Lancang, Meuraksa, PasieIeLeubeu, PasieLhouk, Pusong, TanjongKrueng, GampongCot, PuloBubee, Lheue, Raya Paleu, Udeung, Jurong Teungoh, Meunasah Balek, Deah Pangwa, Mee Pangwa, Tueng Kluet, Geulanggang, Grong-Grong Capa, Meunasah Bueng, Siblah Coh, Tijien Daboh, Blang Pulo",,,,,,,,,,Pusat,
,,,,,jalan produksi,,"Aceh Tamiang, Aceh Timur, Aceh Utara, Bireuen","Banda Mulia, Bendahara, Manyak Payed, Seruway, Birem Bayeun, Julok, Madat, Pereulak, Pereulak Timur, Peudawa, Simpang Ulim, Sungai Raya, Sawang, Gandapura, Jangka, Samalanga","Suka Jadi, Bandar Khalifah, Dagang Setia, Sei Kuruk 1, Aramia, Gampong Baro, Kuala Geulempang, Labuhan, Lhok Sentang, Naleung, Simpang Lhee, Abeuk Gelante, Leuweng Dua, Leuweng Empat, Leuweng Sa, Matang Kupula Dua, Matang Kupula Tiga, Meunasah Hasan, Meunasah Tingkem, Pante Bayam, Kuala Beukah, Alue Bugeng, Paya Dua, Bantayan, Kuala Simpang Ulim, Tepin Mamplam, Bukit Selamat, Pante Jaloh, Blang Rheu, Samuti krueng, Alue Buya Pasie, Pineung Siribee",,,,,,,,,,Pusat,Dinas Provinsi/Kab/kota
,,,,,rehabilitasi pematang,,"Aceh Tenggara, Gayo Lues, Aceh Tamiang, Aceh Tengah, Aceh Timur, Aceh Utara, Bener Meriah, Bireuen, Pidie, Pidie Jaya, Kota Langsa, Kota Lhoukseumawe","Babussalam, Bambel, Darul Hasanah, Ketambe, Blangkejeren, Dabun Gelang, Pantan Cuaca, Pining, Putri Betung, Rikit Gaib, Tripe Jaya, Banda Mulia, Bendahara, Karang Baru, Kejuruan Muda, Kota Kuala Simpang, Manyak Payed, Rantau, Sekerak, Seruway, Atu Lintang, Bebesen, Bies, Celala, Jagong Jeget, Kebayaken, Ketol, Kute Panang, Linge, Lut Tawar, Pegasing, Rusip Antara, Silih Nara, Birem Bayeun, Darul Aman, Idi Rayeuk, Julok, Madat, Pereulak, Pereulak Barat, Pereulak Timur, Simpang Ulim, Baktiya, Baktiya Barat, Dewantara, Lapang, Lhoksukon, Muara Batu, Nisam, Samudera, Sawang, Seunuddon, Syamtalira Aron, Tanah Pasir, Bukit, Wih Pesam, Gandapura, Jangka, Jeumpa, Kuala, Peudada, Samalanga, Batee, Glumpang Baro, Kembang Tanjong, Muara Tiga, Pidie, Simpang Tiga, Jangka Buya, Mereudu, Meurah Dua, Panteraja, Trienggadeng, Ulim, Langsa Barat, Langsa Kota, Langsa Lama, Langsa Timur, Langso Baro, Blang Mangat, Muara Dua, Muara Satu","Batu Mbuan I, Kutarih, Terutung Pedi, Bambel Gabungan, Buntul Kendawi, Kite Merangun, Lawe Mamas, Mamas Baru, Mamas Indah, Pulo Gadung, Pulo Piku, Simpang Iv Tanjung, Tanjung Aman, Tanjung Lama, Tanjung Mbakhu, Aunan Sepakat, Bintang Bener, Bukit Baru, Jambur Lak-Lak, Kayu Mentangur, Ketambe, Lawe Beringin, Lawe Penanggalan, Lawe Sembekan, Louser, Rumah Bundar, Simpang Iii Jongar, Agusen, Palok, Penggalangan, Badak, Rerebe, Rigeb, Uning Sepakat, Atu Kapur, Kenyaran, Kuning Kurnia, Seneren, Ekan, Pasir Putih, Pertik, Pining, Gumpang, Jeret Onom, Cane Toa, Cane Uken, Kuala Jernih, Pasir, Pasir Berjaya, Pulo Gelime, Rerebe, Simpang Pasir, Uyem Beriring, Alur Nunang, Kampung Besar, Matang Seping, Paya Rahat, Suka Jadi, Tanjung Keramat, Telaga Meku 1, Telaga Meku 2, Alur Cantik, Bandar Khalifah, Cinta Raja, Kuala Genting, Rantau Pakam, Seuneubok Aceh, Tanjung Binjai, Upah, Alur Baung, Kebun Tanjung Semantoh, Pahlawan, Tanjung Semantoh, Bukit Rata, Pangkalan, Purwodadi, Tanjung Genteng, Bukit Tempurung, Kota Lintang, Alue Ie Puteh, Alue Sentang, Bandung Jaya, Dagang Setia, Geudam, Kasih Sayang, Mesjid, Meunasah Payah, Meurandeh, Pahlawan, Paya Ketengger, Raja Tuha, Sapta Marga, Seuneubok Cantik, Seuneubok Pidie, Seuneubok Punti, Simpang Lhee, Tanjung Neraca, Ujung Tanjung, Alur Cucur, Benua Raja, Rantau Pauh, Suka Jadi, Suka Mulia, Lubuk Sidup, Kampung Baru, Kuala Pusong Kapal, Lubuk Damar, Sei Kuruk 1, Sei Kuruk 3, Tualang, Merah Pupuk, Atu Gajah Reje Guru, Daling, Kala Kemili, Lelabu, Pendere Saril, Sadong Juru Mudi, Tan Saril, Bies Baru, Bies Mulie, Karang Bayur, Simpang Lukup Badak, Simpang Uning Niken, Uning Pegantungen, Arul Gading, Berawang Gading, Celala, Cibro, Depet Indah, Kuyun, Kuyun Uken, Melala, Paya Kolak, Sepakat, Bukit Kemuning, Jeget Ayu, Merah Said, Bukit Ewih Tami Delem, Gunung Bahgie, Gunung Balohen, Jongkok Bathin, Jongok Meluem, Kala Lengkio, Mendale, Paya Reje Tami Delem, Pinangan, Timangan Gading, Bah (Mahabah), Burlah, Genting Bulen, Jalan Tengah, Jaluk, Pondok Balik, Rejewali, Serempah, Empu Balik, Arul Item, Delung Sekinel, Gelampang Gading, Gemboyah, Jamat, Kute Keramil, Owaq, Asir Asir, Gunung Suku, Kenawat, Rawe, Teluk One-One, Toweren Antara, Toweren Toa, Toweren Uken, Waq Toweren, Gelelungi, Simpang Kelaping, Wih Lah, Wih Nareh, Wih Terjun, Pantan Tengah, Pilar, Pilar Wih Kiri, Arul Gele, Mekar Indah, Mulie Jadi, Paya Beke, Rebe Gedung, Remesen, Rutih, Sanehen, Wih Pesam, Wihni Bakong, Iladayah, Seunobok Baroh, Ketapang Mameh, Seuneubok Rambong, Ulee Blang, Gampong Baro, Kuala Geulempang, Labuhan, Lhok Sentang, Naleung, Simpang Lhee, Abeuk Gelante, Meunasah Hasan, Paya Lipah, Beusa Baro, Paya Gajah, Alue Bugeng, Babah Krueng, Seuneubok Punti, Seuneubok Teupin, Bantayan, Kuala Simpang Ulim, Tepin Mamplam, Alue Buya, Matang Cut, Matang Raya Barat, Tanjong Geulumpang, Blang Rheue, Blang Seunong, Cot Laba, Cot Murong, Cot Usen, Lhok Euncin, Lhok Iboh, Matang Raya, Matang Sijuek Barat, Matang Sijuk Teungoh, Matang Sijuk Tmu, Meunasah Hagu, Meunasah Pante, Meurandeh Paya, Paya Bateung, Bluka Teubai, Glumpang Sulu Barat, Glumpang Sulu Timu, Lancang Barat, Paloh Gadeng, Paloh Lada, Pulo Rungkom, Tambon Tunong, Ulee Pulo, Ulee Reulueng, Geulanggang Baro, Keude Lapang, Kuala Cangkoy, Kuala Keureutoe, Lueng Baro, Matang Baroh, Matang Tunong, Merbo Jurong, Merbo Lama, Arongan Ab, Cot Geulumpang Ab, Cot Seurani, Kambam, Keude Bungkaih, Meunasah Baro, Pante Gurah, Reulet Timu, Ulee Madon, Baroh Blang Rimueng, Blang Karieng, Dayah Baro, Lancok, Punti, Blang Nibong, Bringen, Geulumpang, Krueng Mate, Kuta Krueng, Laga Baroe, Lancang, Matang Puntong, Matang Ulim, Meucat, Pulo Gajah Matee, Puul, Sawang, Pante Jaloh, Alue Capli, Cot Kafiraton, Cot Patisah, Lhok Puuk, Mane Kawan, Matang Anoe, Matang Karieng, Matang Lada, Matang Panyang, Matang Puntong, Meunasah Sagoe, Paya Dua Ujong, Teupin Kuyuen, Ulee Matang, Ulee Rubek Barat, Ulee Rubek Timu, Ulee Titi, Mampree, Cangguek, Cibrek, Keude Jrat Manyang, Keutapang, Kuala Keureuto Barat, Matang Janeng, Mee Merbo, Pande, Prie, Teupin Gapeuh, Delung Asli, Mutiara Baru, Pantan Tengah Jaya, Pemango, Seni Antara, Temas Mumanang, Ujung Gele, Wih Tenang Uken, Lut Kucak, Blang Rheu, Samuti Krueng, Alue Buya Pasie, Teupok Tunong, Krueng Juli Barat, Gampong Baro, Kukue, Matang Pasie, Mns.Blang, Neubok Naleung, Angking Barat, Gampong Baro, Pineung Siribee, Bintanghue, Kulee, Kumbang, Palong, Ukee, Arusan, Kayeepanyang, Lancang, Meuraksa, Pasieieleubeu, Pasielhouk, Pusong, Tanjongkrueng, Gampongcot, Cotteungoh, Gampongbaroh, Pulobubee, Blang Leun, Cebrek, Cot Jaja, Kupula, Lambideng, Lheue, Mantak Raya, Mesjid Gigieng, Mesjid Tungoe, Meunasah Lhee, Peukan Sot, Pulo Gajah Matee, Raya Paleu, Seukee, Sukon, Ujong Gampong, Gampong Cot, Jurong Ara, Jurong Binje, Jurong Teungoh, Kiran Baroh, Meunasah Beureumbang, Meunasah Balek, Meuraksa, Rhing Krueng, Buangan, Lueng Bimba, Meunasah Jurong, Gampong Mesjid, Peurade, Reudeup, Cot Lheue Rheng, Deah Pangwa, Mee Pangwa, Meucat, Rawa Sari, Dayah Lubue, Geulanggang, Grong-Grong Capa, Mesjid Ulim/ Baroh, Meunasah Bueng, Pulo Ulim, Siblah Coh, Tijien Daboh, Tijien Husen, Kuala Langsa, Lhok Banie, Matang Seulimeng, Seuriget, Simpang Lhee, Sungai Pauh, Sungai Pauh Pusaka, Sungai Pauh Tanjung, Alue Beurawe, Baroh Langsa Lama, Seulalah, Sidodadi, Cinta Raja, Kapa, Sukarejo, Sungai Lueng, Alue Dua, Pb. Seulemak, Pb. Tunong, Blang Cut, Blang Teue, Jambo Mesjid, Jambo Timu, Kuala Meuraksa, Mesjid Punteuet, Teungoh, Tunong, Ule Blang Mane, Alue Awe, Blang Crum, Cut Mamplam, Meunasah Manyang, Meunasah Mesjid, Panggoi, Batuphat Timur, Blang Naleung Mameh, Blang Pulo, Meuriah Paloh, Padang Sakti, Ujong Pacu",,,,,,,,,,Pusat,
,,,,,rehabilitasi kolam,,"Aceh Tenggara, Gayo Lues, Aceh Barat, Aceh Singkil, Aceh Tengah, Aceh Utara, Bener Meriah, Nagan Raya","Babussalam, Bambel, Darul Hasanah, Ketambe, Blangkejeren, Dabun Gelang, Pantan Cuaca, Pining, Putri Betung, Rikit Gaib, Tripe Jaya, Pante Cermin, Woyla, Gunung Meriah, Bintang, Syamtalira Aron, Permata, Syiah Utama, Timang Gajah, Wih Pesam, Darul Makmur","Batu Mbuan I, Kutarih, Terutung Pedi, Bambel Gabungan, Buntul Kendawi, Lawe Mamas, Mamas Baru, Mamas Indah, Simpang IV Tanjung, Tanjung Aman, Tanjung Lama, Tanjung Mbakhu, Aunan Sepakat, Bintang Bener, Bukit Baru, Jambur Lak-Lak, Kayu Mentangur, Ketambe, Lawe Beringin, Lawe Penanggalan, Lawe Sembekan, Louser, Rumah Bundar, Simpang III Jongar, Agusen, Palok, Penggalangan, Badak, Rerebe, Rigeb, Uning Sepakat, Atu Kapur, Kenyaran, Kuning Kurnia, Seneren, Ekan, Pasir Putih, Pertik, Pining, Gumpang, Jeret Onom, Cane Toa, Cane Uken, Kuala Jernih, Pasir, Pasir Berjaya, Pulo Gelime, Rerebe, Simpang Pasir, Uyem Beriring, Canggai, Seumantok, Sianko-anjo, Bewang, Dedamar, Genuren, Kuala Satu, Linung Bulen Satu, Ampeh, Darul Aman, Timur Jaya, Rusip, Tembolo, KP Baru 76, Setie, Bener Ayu, Blang Kucak, Lut Kucak, Mutiara Baru, Reje Guru, Tingkem Bersatu, Wih Pesam, Wonosobo, Tuwi Buya",,,,,,,,,,Pusat,
,,,,,perbaikan saluran irigasi,,"Aceh Singkil, Aceh Tamiang","Gunung Meriah, Banda Mulia, Bendahara, Manyak Payed, Seruway","Sianko-anjo, Alur Nunang, Tanjung Keramat, Bandar Khalifah, Seuneubok Aceh, Alue Ie Puteh, Seuneubok Cantik, Sei Kuruk 3, Tualang",,,,,,,,,,Pusat,
,,Bantuan Pembudidaya ikan,Ekonomi,Pemulihan Ekonomi Pascabencana,Bantuan excavator,Aceh,"Aceh Barat, Aceh Tamiang, Aceh Utara, Bener Meriah, Bireuen, Pidie, Pidie Jaya","Meureubo, Banda Mulia, Bendahara, Seruway, Muara Batu, Timang Gajah, Samalanga, Kembang Tanjong, Simpang Tiga, Bandar Baru","Pasie Pinang, Suka Jadi, Bandar Khalifah, Sei Kuruk 1, Pante Gurah, BBI Timang Gajah, Angking Barat, Pineung Siribee, TanjongKrueng, Raya Paleu, Paru Cot",Kelompok Pembudidaya ikan,Budi Daya ikan,466660000,Budi Daya ikan,466660000,Budi Daya ikan,466660000,1399980000,APBN tambahan,Pusat,Dinas Provinsi/Kab/kota
,,,,,Benih ikan dan udang,,"Aceh Tenggara, Gayo Lues, Aceh Barat, Aceh Selatan, Aceh Singkil, Aceh Tamiang, Aceh Tengah, Aceh Timur, Aceh Utara, Bener Meriah, Bireuen, Nagan Raya, Pidie, Pidie Jaya, Kota Langsa, Kota Lhoukseumawe","Babussalam, Bambel, Darul Hasanah, Ketambe, Blangkejeren, Dabun Gelang, Pantan Cuaca, Pining, Putri Betung, Rikit Gaib, Tripe Jaya, Johan Pahlawan, Meureubo, Pante Cermin, Woyla, Woyla Timur, Kluet Selatan, Kluet Tengah, Kluet Timur, Kota Bahagia, Pasie Raja, Trumon, Trumon Timur, Gunung Meriah, Kota Baharu, Singkil, Singkil Utara, Singkohor, Banda Mulia, Bendahara, Karang Baru, Kejuruan Muda, Kota Kuala Simpang, Manyak Payed, Rantau, Sekerak, Seruway, Atu Lintang, Bebesen, Bies, Bintang, Celala, Jagong Jeget, Kebayaken, Ketol, Kute Panang, Linge, Lut Tawar, Pegasing, Rusip Antara, Silih Nara, Birem Bayeun, Darul Aman, Idi Rayeuk, Idi Timur, Julok, Madat, Nurussalam, Pereulak, Pereulak Barat, Pereulak Timur, Peudawa, Rantau Selamat, Simpang Ulim, Sungai Raya, Baktiya, Baktiya Barat, Dewantara, Lapang, Lhoksukon, Muara Batu, Nisam, Samudera, Sawang, Seunuddon, Syamtalira Aron, Tanah Jambo Aye, Tanah Pasir, Bukit, Gajah Putih, Permata, Pintu Rime Gayo, Syiah Utama, Timang Gajah, Wih Pesam, Gandapura, Jangka, Jeumpa, Jeunieb, Kuala, Kuta Blang, Pandrah, Peudada, Peulimbang, Peusangan, Samalanga, Simpang Mamplam, Darul Makmur, Tadu Raya, Tripa Makmur, Batee, Glumpang Baro, Kembang Tanjong, Kota Sigli, Muara Tiga, Pidie, Simpang Tiga, Bandar Baru, Jangka Buya, Mereudu, Meurah Dua, Panteraja, Trienggadeng, Ulim, Langsa Barat, Langsa Kota, Langsa Lama, Langsa Timur, Langso Baro, Banda Sakti, Blang Mangat, Kota Lhokseumawe, Muara Dua, Muara Satu","Batu Mbuan I, Kutarih, Terutung Pedi, Bambel Gabungan, Buntul Kendawi, Kite Merangun, Lawe Mamas, Mamas Baru, Mamas Indah, Pulo Gadung, Pulo Piku, Simpang Iv Tanjung, Tanjung Aman, Tanjung Lama, Tanjung Mbakhu, Aunan Sepakat, Bintang Bener, Bukit Baru, Jambur Lak-Lak, Kayu Mentangur, Ketambe, Lawe Beringin, Lawe Penanggalan, Lawe Sembekan, Louser, Rumah Bundar, Simpang Iii Jongar, Agusen, Palok, Penggalangan, Badak, Rerebe, Rigeb, Uning Sepakat, Atu Kapur, Kenyaran, Kuning Kurnia, Seneren, Ekan, Pasir Putih, Pertik, Pining, Gumpang, Jeret Onom, Cane Toa, Cane Uken, Kuala Jernih, Pasir, Pasir Berjaya, Pulo Gelime, Rerebe, Simpang Pasir, Uyem Beriring, Seuneubok, Pasie Pinang, Canggai, Seumantok, Tangkeh, Indra Damai, Pasie Merapat, Malaka, Durian Kawan, Paya Dapur, Bukit Gadeng, Ujung Padang Rasian, Keude Trumon, Krueng Luas, Bukit Harapan, Rimo, Sianko-Anjo, Tanah Bara, Tunas Harapan, Danau Bungara, Kilangan, Pasar, Pulo Sarok, Siti Ambia, Suka Damai, Suka Makmur, Teluk Ambun, Tran Nelayan, Ujung, Ujung Bawang, (Blank), Gosong Telaga Barat, Gosong Telaga Timur, Ketapang Indah, Telaga Bakti, (Blank), Lae Pinang, Singkohor, Alur Nunang, Kampung Besar, Matang Seping, Paya Rahat, Suka Jadi, Tanjung Keramat, Telaga Meku 1, Telaga Meku 2, Alur Cantik, Bandar Khalifah, Cinta Raja, Kuala Genting, Rantau Pakam, Seuneubok Aceh, Tanjung Binjai, Upah, Alur Baung, Kebun Tanjung Semantoh, Pahlawan, Tanjung Semantoh, Bukit Rata, Pangkalan, Purwodadi, Tanjung Genteng, Bukit Tempurung, Kota Lintang, Alue Ie Puteh, Alue Sentang, Bandung Jaya, Dagang Setia, Geudam, Kasih Sayang, Mesjid, Meunasah Payah, Meurandeh, Pahlawan, Paya Ketengger, Raja Tuha, Sapta Marga, Seuneubok Cantik, Seuneubok Pidie, Seuneubok Punti, Simpang Lhee, Tanjung Neraca, Ujung Tanjung, Alur Cucur, Benua Raja, Rantau Pauh, Suka Jadi, Suka Mulia, Lubuk Sidup, Kampung Baru, Kuala Pusong Kapal, Lubuk Damar, Sei Kuruk 1, Sei Kuruk 3, Tualang, Merah Pupuk, Atu Gajah Reje Guru, Blang Kolak Dua, Daling, Kala Kemili, Lelabu, Mongal, Pendere Saril, Sadong Juru Mudi, Tan Saril, Bies Baru, Bies Mulie, Karang Bayur, Simpang Lukup Badak, Simpang Uning Niken, Uning Pegantungen, Bewang, Dedamar, Genuren, Kuala Satu, Linung Bulen Satu, Arul Gading, Berawang Gading, Blang Delem, Celala, Cibro, Depet Indah, Kuyun, Kuyun Uken, Melala, Paya Kolak, Ramung Ara, Sepakat, Tanoh Depet, Bukit Kemuning, Jeget Ayu, Merah Said, Bukit Ewih Tami Delem, Gunung Bahgie, Gunung Balohen, Jongkok Bathin, Jongok Meluem, Kala Lengkio, Kute Lot, Mendale, Paya Reje Tami Delem, Pinangan, Timangan Gading, Bah (Mahabah), Burlah, Genting Bulen, Jalan Tengah, Jaluk, Pondok Balik, Rejewali, Serempah, Empu Balik, Tapak Moge, Antara, Arul Item, Delung Sekinel, Gelampang Gading, Gemboyah, Jamat, Kute Keramil, Owaq, Asir Asir, Gunung Suku, Kenawat, Rawe, Teluk One-One, Toweren Antara, Toweren Toa, Toweren Uken, Waq Toweren, Gelelungi, Jurusen, Kala Pegasing, Kedelah, Kung, Kute Lintang, Lelumu, Paya Jeget, Pedekok, Pegasing, Simpang Kelaping, Suka Damai, Tebuk, Uning, Uring, Wih Ilang, Wih Lah, Wih Nareh, Wih Terjun, Pantan Tengah, Pilar, Pilar Wih Kiri, Arul Gele, Mekar Indah, Mulie Jadi, Paya Beke, Pepayungen Angkup, Rebe Gedung, Remesen, Rutih, Sanehen, Wih Pesam, Wihni Bakong, Aramia, Birem Rayeuk, Iladayah, Keude Birem, Bagoh Panah Sa, Kuala Idi Cut, Meunasah Blang, Seunobok Baroh, Blang Geulempang, Ketapang Mameh, Kuala Peudawa Puntung, Seuneubok Rambong, Titi Baro (Air Tawar), Ulee Blang, Matang Bungong, Matang Rayeuk Pp, Matang Rayeuk Smk, Seuneubok Tengoh, Gampong Baro, Kuala Geulempang, Labuhan, Lhok Sentang, Naleung, Simpang Lhee, Abeuk Gelante, Leuweng Dua, Leuweng Empat, Leuweng Sa, Matang Kupula Dua, Matang Kupula Tiga, Meunasah Hasan, Meunasah Tingkem, Pante Bayam, Kuala Bagok, Matang Neuheun, Matang Rayeuk, Meudang Ara, Blang Balok, Kuala Beukah, Kuala Bugak, Paya Lipah, Seumatang Muda Itam, Seunobok Pidie, Aluebu Jalan, Aluebu Jalan Baro, Beusa Baro, Paya Gajah, Alue Bugeng, Babah Krueng, Jengki, Seuneubok Lapang, Seuneubok Punti, Seuneubok Rawang, Seuneubok Teupin, Alue Ie Itam, Gampong Keudee, Kuala, Paya Dua, Alue Kumba, Alue Raya, Bayeun, Gongseng, Rantau Panjang, Sarah Teube, Seuneubok Dalam, Simpang Aneuh, Bantayan, Kuala Simpang Ulim, Tepin Mamplam, Bukit Drien, Bukit Selamat, Geulempang Payung, Alue Buya, Matang Cut, Matang Raya Barat, Matang Raya Timu, Tanjong Geulumpang, Blang Rheue, Blang Seunong, Cot Laba, Cot Murong, Cot Tanoh Timoh, Cot Usen, Lhok Euncin, Lhok Iboh, Matang Raya, Matang Sijuek Barat, Matang Sijuk Teungoh, Matang Sijuk Tmu, Meunasah Hagu, Meunasah Pante, Meurandeh Paya, Paya Bateung, Bangka Jaya, Bluka Teubai, Glumpang Sulu Barat, Glumpang Sulu Timu, Lancang Barat, Paloh Gadeng, Paloh Igeuh, Paloh Lada, Pulo Rungkom, Tambon Tunong, Ulee Pulo, Ulee Reulueng, Geulanggang Baro, Kertoe, Keude Lapang, Kuala Cangkoy, Kuala Keroe, Kuala Keureutoe, Lueng Baro, Matang Baroh, Matang Tunong, Merbo Jurong, Merbo Lama, Arongan Ab, Cot Geulumpang Ab, Cot Seurani, Cot Trueng, Kambam, Keude Bungkaih, Meunasah Baro, Pante Gurah, Reulet Timu, Ulee Madon, Baroh Blang Rimueng, Blang Karieng, Dayah Baro, Dayah Tuha, Lancok, Punti, Blang Nibong, Bringen, Geulumpang, Krueng Mate, Kuta, Kuta Krueng, Laga Baroe, Lancang, Matang Puntong, Matang Ulim, Meucat, Pulo Gajah Matee, Puul, Sawang, Pante Jaloh, Alue Capli, Cot Kafiraton, Cot Patisah, Lhok Puuk, Mane Kawan, Matang Anoe, Matang Karieng, Matang Lada, Matang Panyang, Matang Puntong, Meunasah Sagoe, Paya Dua Ujong, Teupin Kuyuen, Ulee Matang, Ulee Rubek Barat, Ulee Rubek Timu, Ulee Titi, Ampeh, Mampree, Glumpang Umpeung Uno, Matang Jurong, Meunasah Dayah, Meunasah Gedong, Meunasah Merbo, Ranto Panyang, Seunubok Doe, Teupin Gajah, Cangguek, Cibrek, Keude Jrat Manyang, Keutapang, Kuala Keureuto Barat, Matang Janeng, Mee Merbo, Pande, Prie, Teupin Gapeuh, Delung Asli, Mutiara Baru, Pantan Tengah Jaya, Pemango, Seni Antara, Temas Mumanang, Ujung Gele, Wih Tenang Uken, Gajah Putih, Gayo Setie, Meriah Jaya, Reronga, Simpang Rahmat, Timang Gajah, Timang Gajah Ii, Umah Besi, Darul Aman, Pemango, Timur Jaya, Wih Tenang Uken, Alur Cincin, Blang Rakal, Negeri Antara, Rusip, Tembolo, Bandar Lampahan, Blang Rongka, Bukit Tunyang, Kp Baru 76, Setie, Tunyang, Bener Ayu, Blang Kucak, Lut Kucak, Mutiara Baru, Reje Guru, Tingkem Bersatu, Wih Pesam, Wonosobo, Alue Mangki, Blang Keude, Blang Rheu, Cot Mane, Ie Rhob, Lapang Barat, Lhok Mambang, Lingka Kuta, Mon Jambee, Mon Keulayu, Samuti Aman, Samuti Krueng, Samuti Makmur, Teupin Siron, Alue Bie Pusong, Alue Buya, Alue Buya Bayeu Utang, Alue Buya Pasie, Alue Kuta, Bugak Mesjid, Bugeng, Jangka Alue Bie, Jangka Alue U, Jangka Keutapang, Jangka Mesjid, Kuala Ceurape, Linggong, P.P.Mns. Dua, Pante Paku, Pante Ranub, Pante Sukon, Paya Bieng, Pulo Iboh, Punjot, Tanjongan, Tanoh Anoe, Ulee Ceu, Beurawang, Cot Bada, Cot Geurundong, Kuala Jeumpa, Lipah Cut, Lipah Rayek, Teupok Baroh, Teupok Tunong, Blang Lancang, Blang Me Timu, Blang Mee Barat, Lancang, Matang Bangka, Matang Nibong, Matang Teugoh, Teupin Kupula, Cot U Sibak, Kareueng, Krueng Juli Barat, Krueng Juli Timu, Kuala Raja, Langcok-Lancok, Ujong Blang Mesjid, Weu Jangka, Jambo Kajeung, Alue Igeueh, Lancok Ulim, Nase Barat, Nase Mee, Uteuen Kruet, Blang Kubu, Calok, Gampong Baro, Kukue, Matang Pasie, Matang Reuleut, Mns.Blang, Mns.Pulo, Neubok Naleung, Paya, Paya Timu, Sawang, Seuneubok Paya, Keude Plimbang, Kreung Baro, Padang Kasab, Rambong Payong, Seuneubok Plimbang, Seuneubok Seumawe, Alue Geulumpang, Cot Puuk, Cot Raboh Baroh, Mata Mamplam, Pulo Naleung, Angking Barat, Gampong Baro, Matang Teungoh, Meuliek, Mns Lancok, Pante Rheng, Pineung Siribee, Sangso, Tanjong Baro, Alue Leuhop, Arongan, Blang Kuta Ii Mns, Blang Tambue, Blang Teumulek, Blangkuta Coh, Blg Panyang, Calok, Cure Tunong, Keude Tambue, Lancang, Lhok Mane, Mns Asan, Peuneulet, Rheum Barat, Rheum Baroh, Rheum Timu, Ule Kareng, Alue Wakie, Geulanggang Gajah, Gunong Cut, Kaye Unoe, Kuta Trieng, Suak Palembang, Tuwi Buya, Alue Siron, Cot Mee, Cot Mu, Drien Tujoh, Mon Dua, Ujong Krueng, Bintanghue, Kulee, Kumbang, Palong, Ukee, Arusan, Kayeepanyang, Lancang, Meuraksa, Pasieieleubeu, Pasielhouk, Pusong, Tanjongkrueng, Blangpaseh, Bloksawah, Gampongcot, Cotteungoh, Gampongbaroh, Pulobubee, Blang Leun, Cebrek, Cot Jaja, Kupula, Lambideng, Lheue, Mantak Raya, Mesjid Gigieng, Mesjid Tungoe, Meunasah Lhee, Peukan Sot, Pulo Gajah Matee, Raya Paleu, Seukee, Sukon, Ujong Gampong, Cot Nyong, Lancang Paru, Lancok Baroh, Lancok Manyang, Lancok Mesjid, Musa Baroh, Musa Teungoh, Paru Cot, Paru Keude, Pulo Pueb, Sawang, Udeung, Gampong Cot, Jurong Ara, Jurong Binje, Jurong Teungoh, Kiran Baroh, Meunasah Beureumbang, Meunasah Balek, Meuraksa, Rhing Krueng, Buangan, Lueng Bimba, Meunasah Jurong, Gampong Mesjid, Hagu, Keude Panteraja, Peurade, Reudeup, Tu Panteraja, Cot Lheue Rheng, Deah Pangwa, Keude, Matang, Mee Pangwa, Meucat, Meue, Rawa Sari, Sagoi, Tueng Kluet, Dayah Lubue, Geulanggang, Grong-Grong Capa, Mesjid Ulim/ Baroh, Meunasah Bueng, Pulo Ulim, Siblah Coh, Tijien Daboh, Tijien Husen, Kuala Langsa, Lhok Banie, Matang Seulimeng, Seuriget, Simpang Lhee, Sungai Pauh, Sungai Pauh Pusaka, Sungai Pauh Tanjung, Alue Beurawe, Baroh Langsa Lama, Seulalah, Sidodadi, Cinta Raja, Kapa, Sukarejo, Sungai Lueng, Alue Dua, Pb. Seulemak, Pb. Tunong, Hagu Barat Laut, Tumpok Teungoh, Ulee Jalan, Uteun Bayi, Blang Cut, Blang Teue, Jambo Mesjid, Jambo Timu, Kuala Meuraksa, Mesjid Punteuet, Teungoh, Tunong, Ule Blang Mane, Mon Geudong, Uteun Bayi, Alue Awe, Blang Crum, Cut Mamplam, Meunasah Manyang, Meunasah Mesjid, Panggoi, Batuphat Timur, Blang Naleung Mameh, Blang Pulo, Meuriah Paloh, Padang Sakti, Ujong Pacu",,,,,,,,,,Pusat,
,,,,,Pakan ikan,,"Aceh Tenggara, Gayo Lues, Aceh Barat, Aceh Selatan, Aceh Singkil, Aceh Tamiang, Aceh Tengah, Aceh Timur, Aceh Utara, Bener Meriah, Bireuen, Nagan Raya, Pidie, Pidie Jaya, Kota Langsa, Kota Lhoukseumawe","Babussalam, Bambel, Darul Hasanah, Ketambe, Blangkejeren, Dabun Gelang, Pantan Cuaca, Pining, Putri Betung, Rikit Gaib, Tripe Jaya, Johan Pahlawan, Meureubo, Pante Cermin, Woyla, Woyla Timur, Kluet Selatan, Kluet Tengah, Kluet Timur, Kota Bahagia, Pasie Raja, Trumon, Trumon Timur, Gunung Meriah, Kota Baharu, Singkil, Singkil Utara, Singkohor, Banda Mulia, Bendahara, Karang Baru, Kejuruan Muda, Kota Kuala Simpang, Manyak Payed, Rantau, Sekerak, Seruway, Atu Lintang, Bebesen, Bies, Bintang, Celala, Jagong Jeget, Kebayaken, Ketol, Kute Panang, Linge, Lut Tawar, Pegasing, Rusip Antara, Silih Nara, Birem Bayeun, Darul Aman, Idi Rayeuk, Idi Timur, Julok, Madat, Nurussalam, Pereulak, Pereulak Barat, Pereulak Timur, Peudawa, Rantau Selamat, Simpang Ulim, Sungai Raya, Baktiya, Baktiya Barat, Dewantara, Lapang, Lhoksukon, Muara Batu, Nisam, Samudera, Sawang, Seunuddon, Syamtalira Aron, Tanah Jambo Aye, Tanah Pasir, Bukit, Gajah Putih, Permata, Pintu Rime Gayo, Syiah Utama, Timang Gajah, Wih Pesam, Gandapura, Jangka, Jeumpa, Jeunieb, Kuala, Kuta Blang, Pandrah, Peudada, Peulimbang, Peusangan, Samalanga, Simpang Mamplam, Darul Makmur, Tadu Raya, Tripa Makmur, Batee, Glumpang Baro, Kembang Tanjong, Kota Sigli, Muara Tiga, Pidie, Simpang Tiga, Bandar Baru, Jangka Buya, Mereudu, Meurah Dua, Panteraja, Trienggadeng, Ulim, Langsa Barat, Langsa Kota, Langsa Lama, Langsa Timur, Langso Baro, Banda Sakti, Blang Mangat, Kota Lhokseumawe, Muara Dua, Muara Satu","Batu Mbuan I, Kutarih, Terutung Pedi, Bambel Gabungan, Buntul Kendawi, Kite Merangun, Lawe Mamas, Mamas Baru, Mamas Indah, Pulo Gadung, Pulo Piku, Simpang Iv Tanjung, Tanjung Aman, Tanjung Lama, Tanjung Mbakhu, Aunan Sepakat, Bintang Bener, Bukit Baru, Jambur Lak-Lak, Kayu Mentangur, Ketambe, Lawe Beringin, Lawe Penanggalan, Lawe Sembekan, Louser, Rumah Bundar, Simpang Iii Jongar, Agusen, Palok, Penggalangan, Badak, Rerebe, Rigeb, Uning Sepakat, Atu Kapur, Kenyaran, Kuning Kurnia, Seneren, Ekan, Pasir Putih, Pertik, Pining, Gumpang, Jeret Onom, Cane Toa, Cane Uken, Kuala Jernih, Pasir, Pasir Berjaya, Pulo Gelime, Rerebe, Simpang Pasir, Uyem Beriring, Seuneubok, Pasie Pinang, Canggai, Seumantok, Tangkeh, Indra Damai, Pasie Merapat, Malaka, Durian Kawan, Paya Dapur, Bukit Gadeng, Ujung Padang Rasian, Keude Trumon, Krueng Luas, Bukit Harapan, Rimo, Sianko-Anjo, Tanah Bara, Tunas Harapan, Danau Bungara, Kilangan, Pasar, Pulo Sarok, Siti Ambia, Suka Damai, Suka Makmur, Teluk Ambun, Tran Nelayan, Ujung, Ujung Bawang, (Blank), Gosong Telaga Barat, Gosong Telaga Timur, Ketapang Indah, Telaga Bakti, (Blank), Lae Pinang, Singkohor, Alur Nunang, Kampung Besar, Matang Seping, Paya Rahat, Suka Jadi, Tanjung Keramat, Telaga Meku 1, Telaga Meku 2, Alur Cantik, Bandar Khalifah, Cinta Raja, Kuala Genting, Rantau Pakam, Seuneubok Aceh, Tanjung Binjai, Upah, Alur Baung, Kebun Tanjung Semantoh, Pahlawan, Tanjung Semantoh, Bukit Rata, Pangkalan, Purwodadi, Tanjung Genteng, Bukit Tempurung, Kota Lintang, Alue Ie Puteh, Alue Sentang, Bandung Jaya, Dagang Setia, Geudam, Kasih Sayang, Mesjid, Meunasah Payah, Meurandeh, Pahlawan, Paya Ketengger, Raja Tuha, Sapta Marga, Seuneubok Cantik, Seuneubok Pidie, Seuneubok Punti, Simpang Lhee, Tanjung Neraca, Ujung Tanjung, Alur Cucur, Benua Raja, Rantau Pauh, Suka Jadi, Suka Mulia, Lubuk Sidup, Kampung Baru, Kuala Pusong Kapal, Lubuk Damar, Sei Kuruk 1, Sei Kuruk 3, Tualang, Merah Pupuk, Atu Gajah Reje Guru, Blang Kolak Dua, Daling, Kala Kemili, Lelabu, Mongal, Pendere Saril, Sadong Juru Mudi, Tan Saril, Bies Baru, Bies Mulie, Karang Bayur, Simpang Lukup Badak, Simpang Uning Niken, Uning Pegantungen, Bewang, Dedamar, Genuren, Kuala Satu, Linung Bulen Satu, Arul Gading, Berawang Gading, Blang Delem, Celala, Cibro, Depet Indah, Kuyun, Kuyun Uken, Melala, Paya Kolak, Ramung Ara, Sepakat, Tanoh Depet, Bukit Kemuning, Jeget Ayu, Merah Said, Bukit Ewih Tami Delem, Gunung Bahgie, Gunung Balohen, Jongkok Bathin, Jongok Meluem, Kala Lengkio, Kute Lot, Mendale, Paya Reje Tami Delem, Pinangan, Timangan Gading, Bah (Mahabah), Burlah, Genting Bulen, Jalan Tengah, Jaluk, Pondok Balik, Rejewali, Serempah, Empu Balik, Tapak Moge, Antara, Arul Item, Delung Sekinel, Gelampang Gading, Gemboyah, Jamat, Kute Keramil, Owaq, Asir Asir, Gunung Suku, Kenawat, Rawe, Teluk One-One, Toweren Antara, Toweren Toa, Toweren Uken, Waq Toweren, Gelelungi, Jurusen, Kala Pegasing, Kedelah, Kung, Kute Lintang, Lelumu, Paya Jeget, Pedekok, Pegasing, Simpang Kelaping, Suka Damai, Tebuk, Uning, Uring, Wih Ilang, Wih Lah, Wih Nareh, Wih Terjun, Pantan Tengah, Pilar, Pilar Wih Kiri, Arul Gele, Mekar Indah, Mulie Jadi, Paya Beke, Pepayungen Angkup, Rebe Gedung, Remesen, Rutih, Sanehen, Wih Pesam, Wihni Bakong, Aramia, Birem Rayeuk, Iladayah, Keude Birem, Bagoh Panah Sa, Kuala Idi Cut, Meunasah Blang, Seunobok Baroh, Blang Geulempang, Ketapang Mameh, Kuala Peudawa Puntung, Seuneubok Rambong, Titi Baro (Air Tawar), Ulee Blang, Matang Bungong, Matang Rayeuk Pp, Matang Rayeuk Smk, Seuneubok Tengoh, Gampong Baro, Kuala Geulempang, Labuhan, Lhok Sentang, Naleung, Simpang Lhee, Abeuk Gelante, Leuweng Dua, Leuweng Empat, Leuweng Sa, Matang Kupula Dua, Matang Kupula Tiga, Meunasah Hasan, Meunasah Tingkem, Pante Bayam, Kuala Bagok, Matang Neuheun, Matang Rayeuk, Meudang Ara, Blang Balok, Kuala Beukah, Kuala Bugak, Paya Lipah, Seumatang Muda Itam, Seunobok Pidie, Aluebu Jalan, Aluebu Jalan Baro, Beusa Baro, Paya Gajah, Alue Bugeng, Babah Krueng, Jengki, Seuneubok Lapang, Seuneubok Punti, Seuneubok Rawang, Seuneubok Teupin, Alue Ie Itam, Gampong Keudee, Kuala, Paya Dua, Alue Kumba, Alue Raya, Bayeun, Gongseng, Rantau Panjang, Sarah Teube, Seuneubok Dalam, Simpang Aneuh, Bantayan, Kuala Simpang Ulim, Tepin Mamplam, Bukit Drien, Bukit Selamat, Geulempang Payung, Alue Buya, Matang Cut, Matang Raya Barat, Matang Raya Timu, Tanjong Geulumpang, Blang Rheue, Blang Seunong, Cot Laba, Cot Murong, Cot Tanoh Timoh, Cot Usen, Lhok Euncin, Lhok Iboh, Matang Raya, Matang Sijuek Barat, Matang Sijuk Teungoh, Matang Sijuk Tmu, Meunasah Hagu, Meunasah Pante, Meurandeh Paya, Paya Bateung, Bangka Jaya, Bluka Teubai, Glumpang Sulu Barat, Glumpang Sulu Timu, Lancang Barat, Paloh Gadeng, Paloh Igeuh, Paloh Lada, Pulo Rungkom, Tambon Tunong, Ulee Pulo, Ulee Reulueng, Geulanggang Baro, Kertoe, Keude Lapang, Kuala Cangkoy, Kuala Keroe, Kuala Keureutoe, Lueng Baro, Matang Baroh, Matang Tunong, Merbo Jurong, Merbo Lama, Arongan Ab, Cot Geulumpang Ab, Cot Seurani, Cot Trueng, Kambam, Keude Bungkaih, Meunasah Baro, Pante Gurah, Reulet Timu, Ulee Madon, Baroh Blang Rimueng, Blang Karieng, Dayah Baro, Dayah Tuha, Lancok, Punti, Blang Nibong, Bringen, Geulumpang, Krueng Mate, Kuta, Kuta Krueng, Laga Baroe, Lancang, Matang Puntong, Matang Ulim, Meucat, Pulo Gajah Matee, Puul, Sawang, Pante Jaloh, Alue Capli, Cot Kafiraton, Cot Patisah, Lhok Puuk, Mane Kawan, Matang Anoe, Matang Karieng, Matang Lada, Matang Panyang, Matang Puntong, Meunasah Sagoe, Paya Dua Ujong, Teupin Kuyuen, Ulee Matang, Ulee Rubek Barat, Ulee Rubek Timu, Ulee Titi, Ampeh, Mampree, Glumpang Umpeung Uno, Matang Jurong, Meunasah Dayah, Meunasah Gedong, Meunasah Merbo, Ranto Panyang, Seunubok Doe, Teupin Gajah, Cangguek, Cibrek, Keude Jrat Manyang, Keutapang, Kuala Keureuto Barat, Matang Janeng, Mee Merbo, Pande, Prie, Teupin Gapeuh, Delung Asli, Mutiara Baru, Pantan Tengah Jaya, Pemango, Seni Antara, Temas Mumanang, Ujung Gele, Wih Tenang Uken, Gajah Putih, Gayo Setie, Meriah Jaya, Reronga, Simpang Rahmat, Timang Gajah, Timang Gajah Ii, Umah Besi, Darul Aman, Pemango, Timur Jaya, Wih Tenang Uken, Alur Cincin, Blang Rakal, Negeri Antara, Rusip, Tembolo, Bandar Lampahan, Blang Rongka, Bukit Tunyang, Kp Baru 76, Setie, Tunyang, Bener Ayu, Blang Kucak, Lut Kucak, Mutiara Baru, Reje Guru, Tingkem Bersatu, Wih Pesam, Wonosobo, Alue Mangki, Blang Keude, Blang Rheu, Cot Mane, Ie Rhob, Lapang Barat, Lhok Mambang, Lingka Kuta, Mon Jambee, Mon Keulayu, Samuti Aman, Samuti Krueng, Samuti Makmur, Teupin Siron, Alue Bie Pusong, Alue Buya, Alue Buya Bayeu Utang, Alue Buya Pasie, Alue Kuta, Bugak Mesjid, Bugeng, Jangka Alue Bie, Jangka Alue U, Jangka Keutapang, Jangka Mesjid, Kuala Ceurape, Linggong, P.P.Mns. Dua, Pante Paku, Pante Ranub, Pante Sukon, Paya Bieng, Pulo Iboh, Punjot, Tanjongan, Tanoh Anoe, Ulee Ceu, Beurawang, Cot Bada, Cot Geurundong, Kuala Jeumpa, Lipah Cut, Lipah Rayek, Teupok Baroh, Teupok Tunong, Blang Lancang, Blang Me Timu, Blang Mee Barat, Lancang, Matang Bangka, Matang Nibong, Matang Teugoh, Teupin Kupula, Cot U Sibak, Kareueng, Krueng Juli Barat, Krueng Juli Timu, Kuala Raja, Langcok-Lancok, Ujong Blang Mesjid, Weu Jangka, Jambo Kajeung, Alue Igeueh, Lancok Ulim, Nase Barat, Nase Mee, Uteuen Kruet, Blang Kubu, Calok, Gampong Baro, Kukue, Matang Pasie, Matang Reuleut, Mns.Blang, Mns.Pulo, Neubok Naleung, Paya, Paya Timu, Sawang, Seuneubok Paya, Keude Plimbang, Kreung Baro, Padang Kasab, Rambong Payong, Seuneubok Plimbang, Seuneubok Seumawe, Alue Geulumpang, Cot Puuk, Cot Raboh Baroh, Mata Mamplam, Pulo Naleung, Angking Barat, Gampong Baro, Matang Teungoh, Meuliek, Mns Lancok, Pante Rheng, Pineung Siribee, Sangso, Tanjong Baro, Alue Leuhop, Arongan, Blang Kuta Ii Mns, Blang Tambue, Blang Teumulek, Blangkuta Coh, Blg Panyang, Calok, Cure Tunong, Keude Tambue, Lancang, Lhok Mane, Mns Asan, Peuneulet, Rheum Barat, Rheum Baroh, Rheum Timu, Ule Kareng, Alue Wakie, Geulanggang Gajah, Gunong Cut, Kaye Unoe, Kuta Trieng, Suak Palembang, Tuwi Buya, Alue Siron, Cot Mee, Cot Mu, Drien Tujoh, Mon Dua, Ujong Krueng, Bintanghue, Kulee, Kumbang, Palong, Ukee, Arusan, Kayeepanyang, Lancang, Meuraksa, Pasieieleubeu, Pasielhouk, Pusong, Tanjongkrueng, Blangpaseh, Bloksawah, Gampongcot, Cotteungoh, Gampongbaroh, Pulobubee, Blang Leun, Cebrek, Cot Jaja, Kupula, Lambideng, Lheue, Mantak Raya, Mesjid Gigieng, Mesjid Tungoe, Meunasah Lhee, Peukan Sot, Pulo Gajah Matee, Raya Paleu, Seukee, Sukon, Ujong Gampong, Cot Nyong, Lancang Paru, Lancok Baroh, Lancok Manyang, Lancok Mesjid, Musa Baroh, Musa Teungoh, Paru Cot, Paru Keude, Pulo Pueb, Sawang, Udeung, Gampong Cot, Jurong Ara, Jurong Binje, Jurong Teungoh, Kiran Baroh, Meunasah Beureumbang, Meunasah Balek, Meuraksa, Rhing Krueng, Buangan, Lueng Bimba, Meunasah Jurong, Gampong Mesjid, Hagu, Keude Panteraja, Peurade, Reudeup, Tu Panteraja, Cot Lheue Rheng, Deah Pangwa, Keude, Matang, Mee Pangwa, Meucat, Meue, Rawa Sari, Sagoi, Tueng Kluet, Dayah Lubue, Geulanggang, Grong-Grong Capa, Mesjid Ulim/ Baroh, Meunasah Bueng, Pulo Ulim, Siblah Coh, Tijien Daboh, Tijien Husen, Kuala Langsa, Lhok Banie, Matang Seulimeng, Seuriget, Simpang Lhee, Sungai Pauh, Sungai Pauh Pusaka, Sungai Pauh Tanjung, Alue Beurawe, Baroh Langsa Lama, Seulalah, Sidodadi, Cinta Raja, Kapa, Sukarejo, Sungai Lueng, Alue Dua, Pb. Seulemak, Pb. Tunong, Hagu Barat Laut, Tumpok Teungoh, Ulee Jalan, Uteun Bayi, Blang Cut, Blang Teue, Jambo Mesjid, Jambo Timu, Kuala Meuraksa, Mesjid Punteuet, Teungoh, Tunong, Ule Blang Mane, Mon Geudong, Uteun Bayi, Alue Awe, Blang Crum, Cut Mamplam, Meunasah Manyang, Meunasah Mesjid, Panggoi, Batuphat Timur, Blang Naleung Mameh, Blang Pulo, Meuriah Paloh, Padang Sakti, Ujong Pacu",,,,,,,,,,Pusat,Dinas Provinsi/Kab/kota
,,,,,Calon induk,,"Aceh Barat, Aceh Singkil, Aceh Timur, Aceh Utara, Bener Meriah","Johan Pahlawan, Woyla, Gunung Meriah, Idi Rayeuk, Sawang, Timang Gajah","Seuneubok, Seumantok, Sianko-anjo, Titi Baro (Air Tawar), Pante Jaloh",,,,,,,,,,Pusat,Dinas Provinsi/Kab/kota
,,,,,Pompa air,,Aceh Tamiang,"Banda Mulia, Bendahara, Manyak Payed, Seruway","Suka Jadi, Bandar Khilafah, Dagang Setia, Sei Kuruk 1",,,,,,,,,,Pusat,Dinas Provinsi/Kab/kota
,,,,,Genset,,"Aceh Tamiang, Aceh Utara","Banda Mulia, Bendahara, Manyak Payed, Seruway, Sawang","Sukajadi, Bandar Khilafah, Dagang Setia, Sei Kuruk 1, Pante Jaloh",,,,,,,,,,Pusat,Dinas Provinsi/Kab/kota
,,,,,Kendaraan roda tiga,,"Aceh Tamiang, Aceh Utara","Banda Mulia, Bendahara, Manyak Payed, Seruway, Sawang","Sukajadi, Bandar Khilafah, Dagang Setia, Sei Kuruk 1, Pante Jaloh",,,,,,,,,,Pusat,
,,,,,Peralatan kerja,,,,,,,,,,,,,,Pusat,
3,187 Sarana dan Prasarana Pengolahan dan Pemasaran terdampak Bencana,Rehabilitasi Prasarana Pengolahan dan Pemasaran Hasil Kelautan dan Perikanan,Infrastruktur,Prasarana Pengolahan dan Pemasaran Hasil KP Pasca Bencana,Pembangunan/ Rehabilitasi Sentra/Unit Pengolahan Ikan (UPI),Aceh,"Aceh Tamiang
Aceh Timur
Aceh Utara
Bireuen
Kota Langsa
Kota Lhokseumawe
Pidie
Pidie Jaya",,,Kelompok/ Unit Pengolah dan Pemasar Hasil Kelautan dan Perikanan,,,92 Unit,27600000,92 Unit,27600000,55200000,APBN tambahan,Pusat,Dinas Provinsi/Kab/kota
,,,,,Pembangunan/ Rehabilitasi Gudang Beku,Aceh,"Aceh Tamiang
Aceh Timur","Bendahara
Seunebok Baroh","Kampong Raja
Darul Aman",Pemda/ Kelompok/Unit  Pengolah dan Pemasar Hasil Kelautan dan Perikanan,2 Unit,26000000,,,,,26000000,,Pusat,
,,,,,Pembangunan/ Rehabilitasi Pasar Ikan,Aceh,Aceh Utara,Tanoh Jambo Aye,,Pemda/ Kelompok/Unit  Pengolah dan Pemasar Hasil Kelautan dan Perikanan,1 Unit,3000000,,,,,3000000,,Pusat,
,,Bantuan Sarana Pengolahan dan Pemasaran Hasil Kelautan dan Perikanan,Ekonomi,Sarana Pengolahan dan Pemasaran Hasil KP Pasca Bencana,Pengadaan Peralatan pengolahan,Aceh,"Aceh Tamiang
Aceh Timur
Aceh Utara
Bireuen
Kota Langsa
Kota Lhokseumawe
Pidie
Pidie Jaya",,,Kelompok/ Unit  Pengolah dan Pemasar Hasil Kelautan dan Perikanan,184 Unit,9200000,,,,,9200000,APBN tambahan,Pusat,Dinas Provinsi/Kab/kota
4,Sarana dan Prasarana Usaha KP 906 Petambak Garam Terdampak,Rehabilitasi Tambak Garam,Infrastruktur,Rehabilitasi Prasarana Pascabencana,Rehabilitasi rumah tunnel garam,Aceh,Pidie,"Simpang Tiga, Kembang Tanjong, Kota Sigli","Cebrek, Peukan Soet, Sukon, Ara, Blang Paseh",Kelompok Petambak Garam,Tambak garam,2784000,,,,,302400000,APBN tambahan,Pusat,Dinas Provinsi/Kab/kota
,,,,,,,Pidie Jaya,"Pante Raja, Bandar Baru","Peurade, Meunasah Lancang",,,774000,,,,,,,Pusat,
,,,,,,,Aceh Utara,"Seuneuddon, Lapang, Syamtalira Bayu, Dewantara","Ulee Rubek Timu, Matang Tunong, Lancok, Lancang Barat",,,962000,,,,,,,Pusat,
,,,,,,,Bireuen,"Samalanga, Peulimbangan","Meunasah Lancok, Seuneubok Seumawe",,,331000,,,,,,,Pusat,
,,,,,,,Aceh Timur,Peureulak,Seuneubok Pidie,,,187000,,,,,,,Pusat,
,,,,,Rehabilitasi gudang garam rakyat,Aceh,Aceh Utara,Seuneuddon,Ulee Rubek Timu,,,126000,,,,,,,Pusat,Dinas Provinsi/Kab/kota
,,,,,Pembangunan dapur perebusan garam,Aceh,Pidie ,"Simpang Tiga, Kembang Tanjong, Kota Sigli","Cebrek, Peukan Soet, Sukon, Ara, Pasie Ie Leube, Keude Ie Leube, Blang Paseh",,,32088750,,,,,,,Pusat,
,,,,,,,Pidie Jaya,"Bandar Baru, Ulim, Jangka Buya","Meunasah Lancang, Pulo Ulim, Grong Grong Capa, Siblah Coh. Jurong Teungoh, Jurong Ara",,,52167500,,,,,,,Pusat,
,,,,,,,Aceh Utara,"Seuneuddon, Lapang, Syamtalira Bayu, Dewantara","Ulee Rubek Timu, Teupin Kuyun, Lancok, Bluka Teubai, Glumpang Sulu Timu, Matang Tunong, Kuala Cangkoy",,,33343750,,,,,,,Pusat,Dinas Provinsi/Kab/kota
,,,,,,,Aceh Timur,Darul Aman,Kuala Idi Cut,,,3025000,,,,,,,Pusat,
,,,,,,,Bireuen,"Jangka, Jeunib","Jangka Alue Bie, Tanjongan, Tanah Aloe, Matang Bangka",,,22897500,,,,,,,Pusat,
,,,,,Rehabilitasi jalan produksi garam,Aceh,Pidie ,"Simpang Tiga, Kota Sigli","Cebrek, Peukan Soet, Blang Paseh",,,600000,,,,,,,Pusat,Dinas Provinsi/Kab/kota
,,,,,,,Aceh Utara,Lapang,Matang Tunong,,,500000,,,,,,,Pusat,
,,,,,,,Aceh Timur,Peureulak,Seuneubok Pidie,,,1000000,,,,,,,Pusat,
,,,,,Rehabilitasi saluran tambak garam,Aceh,Pidie ,"Simpang Tiga, Kembang Tanjong, Kota Sigli","Cebrek, Peukan Soet, Sukon, Ara, Pasie Ie Leube, Keude Ie Leube, Blang Paseh",,,1741500,,,,,,,Pusat,Dinas Provinsi/Kab/kota
,,,,,,,Pidie Jaya,Bandar Baru,Meunasah Lancang,,,405000,,,,,,,Pusat,
,,,,,,,Aceh Utara,"Seuneuddon, Syamtalira Bayu, Dewantara, Lapang","Ulee Rubek Timu, Teupin Kuyun, Lancok, Bluka Teubai, Glumpang Sulu Timu, Matang Tunong, Kuala Cangkoy",,,5670000,,,,,,,Pusat,
,,,,,,,Aceh Timur,Peureulak,Seuneubok Pidie,,,486000,,,,,,,Pusat,Dinas Provinsi/Kab/kota
,,,,,,,Bireuen,"Jangka, Jeunib","Matang Bangka, Jangka Alue Bie, Tanjongan, Tanah Anoe",,,2511000,,,,,,,Pusat,
,,,,,Pembangunan tunnel + brine refinery system (BRS),Aceh,Aceh Besar,"Baitussalam, Lhoong, Leupung, Seulimeum","Lam Ujong, Pasie, Layeun, Lampanah",,,3200000,,6400000,,3200000,,,Pusat,
,,,,,,,Pidie,"Simpang Tiga, Kota Sigli","Cebrek, Peukan Soet, Blang Paseh",,,9600000,,9600000,,6400000,,,Pusat,Dinas Provinsi/Kab/kota
,,,,,,,Pidie Jaya,"Bandar Baru, Ulim, Jangka Buya","Meunasah Lancang, Pulo Ulim, Grong Grong Capa, Siblah Coh. Jurong Teungoh, Jurong Ara",,,3200000,,3200000,,3200000,,,Pusat,
,,,,,,,Aceh Utara,"Seuneuddon, Syamtalira Bayu, Dewantara, Lapang","Ulee Rubek Timu, Teupin Kuyun, Lancok, Bluka Teubai, Glumpang Sulu Timu, Matang Tunong, Kuala Cangkoy",,,9600000,,9600000,,6400000,,,Pusat,
,,,,,,,Aceh Timur,"Darul Aman, Julok, Peureulak","Seuneubok Baroh, Seuneubok Pidie, Kuala Idi Cut, Meunasah Blang, Naleung, Seuneubok Pidie",,,9600000,,9600000,,6400000,,,Pusat,Dinas Provinsi/Kab/kota
,,,,,,,Bireuen,"Jangka, Jeunib","Jangka Alue Bie, Tanjongan, Tanah Aloe, Matang Bangka",,,3200000,,3200000,,3200000,,,Pusat,
,,,,,,,Aceh Barat Daya,Lembah Sabil,Alue Rambot,,,,,9600000,,6400000,,,Pusat,
,,,,,,,Aceh Selatan,"Bakongan, Pasi Raja, Meukek","Padang Beureuhan, Pante Raja, Tanjung Harapan",,,,,9600000,,6400000,,,Pusat,
Rencana Aksi Rehabilitasi dan Pembangunan Ekonomi Provinsi Sumatera Utara,,,,,,,,,,,,,,,,,,,,
5,Sarana dan Prasarana Usaha KP 354 Nelayan Terdampak,Rehabilitasi Sarpras Pelabuhan Perikanan,Infrastruktur,Rehabilitasi Prasarana Pascabencana,"Prasarana (pagar, kantor, gedung CS, jalan)",Sumatera Utara,Kota Sibolga,,,Lokasi Pelabuhan Perikanan,Rehabilitasi Prasarana Pelabuhan Perikanan,3985000,,,,,3985000,APBN tambahan,Pusat,Dinas Provinsi/Kab/kota
,,,,,Kendaraan fungsional pelabuhan perikanan,,,,,,,,,,,,,,Pusat,
,,,,,Sarana penyelenggaraan operasional pelabuhan perikanan,,,,,,,,,,,,,,Pusat,Dinas Provinsi/Kab/kota
,,Bantuan Sarpras Pelabuhan Perikanan,Ekonomi,Pemulihan Ekonomi Pascabencana,Kapal perikanan,,"Batubara, Langkat, Tapanuli Selatan, Kota Sibolga, Deli Serdang",,,Kelompok Nelayan,Sarana Penangkapan Ikan,6025000,Sarana Penangkapan Ikan,7000000,,,13025000,APBN tambahan,Pusat,
,,,,,Mesin kapal,,,,,,,,,,,,,,Pusat,
,,,,,Alat penangkapan ikan,,,,,,,,,,,,,,Pusat,Dinas Provinsi/Kab/kota
6,Sarana dan Prasarana Usaha KP 1.461 Pembudidaya Terdampak,Rehabilitasi Sarpras Budi Daya Perikanan,Infrastruktur,Rehabilitasi Prasarana Pascabencana,Perbaikan tambak,Sumatera Utara,,,,Lokasi Budi Daya Ikan,,3690000,Budi Daya Perikanan,3690000,Budi Daya Perikanan,3690000,11070000,APBN tambahan,Pusat,
,,,,,Perbaikan kolam,,,,,,,,,,,,,,Pusat,
,,,,,Rehabilitasi BBI,,,,,,,,,,,,,,Pusat,Dinas Provinsi/Kab/kota
,,,,,Perbaikan saluran air,,,,,,,,,,,,,,Pusat,
,,,,,Pengerukan saluran masuk dan buang ,,,,,,,,,,,,,,Pusat,
,,Bantuan Sarpras Budi Daya Perikanan,Ekonomi,Pemulihan Ekonomi Pascabencana,Bantuan benih,Sumatera Utara,"Asahan, Batubara, Deli Serdang, Humbang Hasundutan, Langkat, Tapanuli Selatan, Tapanuli Tengah, Tapanuli Utara, Kota Medan, Kota Padang Sidempuan, Kota Sibolga","Batu Pane, Kota Kisaran Barat, Kota Kisaran Timur, Meranti, Rawang Panca Arga, Sei Dadap, Air Putih, Laut Tador, Lima Puluh Pesisir, Nibung Hangus, Talawi, Tanjung Tiram, Batang Kuis, Beringin, Biru-Biru, Deli Tua, Galang, Lubuk Pakam, Namorambe, Pagar Merbabu, Pancur Batu, Pantai Labu, Patumbak, Pecut Sei Tuan, STM Hilir, Tanjung Morawa, Hamparan Perak, Labuhan Deli, Onan Ganjang, Pakkat, Babalan, Bahorok, Besitang, Binjai, Kwala Bingai, Pangkalan Susu, Selesai, Tanjung Pura, Brandan Barat, Gebang, Secanggang, Sei Lepan, Angkola Selatan, Batang Angkola, Batang Toru, Saipar Dolok Hole, Sayur Matinggi, Sipirok, Badiri, Pandan, Tapian Nauli, Tukka, Adian Koting, Pahae Jae, Purba Tua, Tarutung, Medan Denai, Medan Labuhan, Medan Marelan, Padang Sidempuan Angkola Julu, Padang Sidempuan Hutaimbaru, Padang Sidimpuan Tenggara, Padang Sidimpuan Utara, Sibolga Selatan, Sibolga Utara","Sei Silau Timur, Sidodadi, Siumbut Baru, Meranti Tempel, Pondok Bungur, Tanjung Alam, Aras, Perk Tanjung Kasau, Tanjung Seri, Guntung, Jati Mulia, Sentang, Dahari Selebar, Sentang, Guntung, Desa Baru, Tanjung Sari, Tumpatan Nibung, Aras Kabu, Sidodadi, Tumpatan, Sidomulyo, Deli Tua Barat, Deli Tua Timur, Mekar Sari, Jaharun B, Juhar Baru, Karamat Gajah, Kotasan, Paya Itik, Tanah Abang, Syahmad, Sekip, Kwala Simeme, Jati Rejo, Perbarakan, Tanjung Garbus Kampung, Baru, Buah Nabar, Gunung Tinggi, Sukaraya, Denai Lama, Patumbak I, Patubak II, Patumbak Kampung, Sigara-Gara, Percut, Sambi Rejo Timur, Tanjung Rejo, Limau Mungkur, Siguci, Tadukan Raga, Helvetia, Mdan Krio, Sei Mencirim, Tanjung Gusta, Bangun Rejo, Dagang Karawan, Medan Senembah, Tanjung Baru, Tanjung Morawa B, Ujung Serdang, Hamparan Perak, Lama, Paluh Kurau, Paluh Manan, Sei Baharu, Karang Gading, Telaga Tujuh, Batu Gondang Siatas, Onan Ganjang, Parbotihan, Sampe Tua, Ambobi, Paranginan, Hauagong, Purba Baringin, Purba Bersatu, Purba Sianjur, Siambaton, Tukka Dolok, Securai Selatan, Teluk Meku, Timbang Jaya, Timbang Lawan, Pekan Besitang, Halaban, Sei Remban, Suka Makmur, Tanjung Jati, Telagah, Alur Cempedak, Beras Basah, Pulau Sembilan, Sei Meran, Pulau Kampai, Kwala Air Hitam, Kwala Serapuh, Pematang Serai, Pulau Banyak, Lubuk Kasih, Dagang, Pasar Rawa, Sangga Lima, Dusun I Pasir II Rintis, Karang Gading, Pantai Gading, Secanggang, Tanjung Ibus, Alur Dua Barus, Sei Bilah Timur, Sihopur, Pintu Padang, Sitampa Simatoras, Aek Pining, Hapesong Baru, Pagar, Sipagimpar, Sinpange Godang, Marsada, Huta Balang, Aek Tolang, Lubuk Tukko, Sibuluan Indah, Sibuluan Raya, Tapian Nauli 1, Hutanabolon, Sipange, Dolong Nauli, Setia, Sitolu Ompu, Sitolu Bahal, Aek Siansimun, Parbaju Julu, Medan Tenggara, Besar, Nelayan Indah, Sei Mati, Labuhan Deli, Payar Pasir, Terjun, Batu Layan, Sabungan Sipabangun, Tinjoman, Tinjoman Lama, Manegen, Sambungan Jae, Timbangan, Aek Perombunan, Aik Parira",Kelompok Pembudidaya ikan,Budi Daya ikan,414720000,Budi Daya Ikan,414720000,Budi Daya Ikan,414720000,1244160000,APBN tambahan,Pusat,Dinas Provinsi/Kab/kota
,,,,,Calon induk,,"Asahan, Langkat, Tapanuli Selatan, Tapanuli Tengah, Tapanuli Utara, Kota Padang Sidempuan","Sei Dadap, Bahorok, Sipirok, Badiri, Tarutung, Padang Sidimpuan Angkola Julu, Padang Sidimpuan Hutaimbaru, Padang Sidimpuan Tenggara","Tanjung Alam, Timbang Jaya, Marsada, Huta Balang, Parbaju Julu, Batu Layan, Sabungan Sipabangun, Tinjoman, Manegen",,,,,,,,,,Pusat,
,,,,,Pakan ikan,,"Asahan, Batubara, Deli Serdang, Humbang Hasundutan, Langkat, Tapanuli Selatan, Tapanuli Tengah, Tapanuli Utara, Kota Medan, Kota Padang Sidempuan, Kota Sibolga","Batu Pane, Kota Kisaran Barat, Kota Kisaran Timur, Meranti, Rawang Panca Arga, Sei Dadap, Air Putih, Laut Tador, Lima Puluh Pesisir, Nibung Hangus, Talawi, Tanjung Tiram, Batang Kuis, Beringin, Biru-Biru, Deli Tua, Galang, Lubuk Pakam, Namorambe, Pagar Merbabu, Pancur Batu, Pantai Labu, Patumbak, Pecut Sei Tuan, STM Hilir, Tanjung Morawa, Hamparan Perak, Labuhan Deli, Onan Ganjang, Pakkat, Babalan, Bahorok, Besitang, Binjai, Kwala Bingai, Pangkalan Susu, Selesai, Tanjung Pura, Brandan Barat, Gebang, Secanggang, Sei Lepan, Angkola Selatan, Batang Angkola, Batang Toru, Saipar Dolok Hole, Sayur Matinggi, Sipirok, Badiri, Pandan, Tapian Nauli, Tukka, Adian Koting, Pahae Jae, Purba Tua, Tarutung, Medan Denai, Medan Labuhan, Medan Marelan, Padang Sidempuan Angkola Julu, Padang Sidempuan Hutaimbaru, Padang Sidimpuan Tenggara, Padang Sidimpuan Utara, Sibolga Selatan, Sibolga Utara","Sei Silau Timur, Sidodadi, Siumbut Baru, Meranti Tempel, Pondok Bungur, Tanjung Alam, Aras, Perk Tanjung Kasau, Tanjung Seri, Guntung, Jati Mulia, Sentang, Dahari Selebar, Sentang, Guntung, Desa Baru, Tanjung Sari, Tumpatan Nibung, Aras Kabu, Sidodadi, Tumpatan, Sidomulyo, Deli Tua Barat, Deli Tua Timur, Mekar Sari, Jaharun B, Juhar Baru, Karamat Gajah, Kotasan, Paya Itik, Tanah Abang, Syahmad, Sekip, Kwala Simeme, Jati Rejo, Perbarakan, Tanjung Garbus Kampung, Baru, Buah Nabar, Gunung Tinggi, Sukaraya, Denai Lama, Patumbak I, Patubak II, Patumbak Kampung, Sigara-Gara, Percut, Sambi Rejo Timur, Tanjung Rejo, Limau Mungkur, Siguci, Tadukan Raga, Helvetia, Mdan Krio, Sei Mencirim, Tanjung Gusta, Bangun Rejo, Dagang Karawan, Medan Senembah, Tanjung Baru, Tanjung Morawa B, Ujung Serdang, Hamparan Perak, Lama, Paluh Kurau, Paluh Manan, Sei Baharu, Karang Gading, Telaga Tujuh, Batu Gondang Siatas, Onan Ganjang, Parbotihan, Sampe Tua, Ambobi, Paranginan, Hauagong, Purba Baringin, Purba Bersatu, Purba Sianjur, Siambaton, Tukka Dolok, Securai Selatan, Teluk Meku, Timbang Jaya, Timbang Lawan, Pekan Besitang, Halaban, Sei Remban, Suka Makmur, Tanjung Jati, Telagah, Alur Cempedak, Beras Basah, Pulau Sembilan, Sei Meran, Pulau Kampai, Kwala Air Hitam, Kwala Serapuh, Pematang Serai, Pulau Banyak, Lubuk Kasih, Dagang, Pasar Rawa, Sangga Lima, Dusun I Pasir II Rintis, Karang Gading, Pantai Gading, Secanggang, Tanjung Ibus, Alur Dua Barus, Sei Bilah Timur, Sihopur, Pintu Padang, Sitampa Simatoras, Aek Pining, Hapesong Baru, Pagar, Sipagimpar, Sinpange Godang, Marsada, Huta Balang, Aek Tolang, Lubuk Tukko, Sibuluan Indah, Sibuluan Raya, Tapian Nauli 1, Hutanabolon, Sipange, Dolong Nauli, Setia, Sitolu Ompu, Sitolu Bahal, Aek Siansimun, Parbaju Julu, Medan Tenggara, Besar, Nelayan Indah, Sei Mati, Labuhan Deli, Payar Pasir, Terjun, Batu Layan, Sabungan Sipabangun, Tinjoman, Tinjoman Lama, Manegen, Sambungan Jae, Timbangan, Aek Perombunan, Aik Parira",,,,,,,,,,Pusat,
,,,,,Mesin pakan,,,,,,,,,,,,,,Pusat,Dinas Provinsi/Kab/kota
,,,,,Excavator,,"Langkat, Tapanuli Tengah, Tapanuli Utara","Bahorok, Badiri, Pahae Jae","Timbang Jaya, Huta Balang, Sitolu Ompu",,,,,,,,,,Pusat,
,,,,,Peralatan budi daya,,"Asahan, Langkat","Buntu Pane, Kota Kisaran Barat, Kota Kisaran Timur, Meranti, Rawa Panca Arga, Sei Dadap, Bahorok","Sei Silau Timur, Sidodadi, Siumbut Baru, Meranti Tempel, Pondok Bungur, Tanjung Alam, Timbang Jaya",,,,,,,,,,Pusat,
,,,,,Pompa air,,"Asahan, Tapanuli Selatan, Kota Medan","Buntu Pane, Kota Kisaran Barat, Kota Kisaran Timur, Meranti, Rawang Panca Arga, Sei Dadap, Angkola Selatan, Batang Angkola, Batang Toru, Saipar Dolok Hole, Sayur Matinggi, Sipirok, Medan Marelan","Sei Silau Timur, Sidodadi, Siumbut Baru, Meranti Tempel, Pondok Bungur, Tanjung Alam, Sihopur, Pintu Padang, Sitampa, Simatoras, Aek Pining, Hapesong Baru, Pasar Sipagimpar, Sipange Godang, Marsada, Payar, Pasir",,,,,,,,,,Pusat,Dinas Provinsi/Kab/kota
,,,,,Genset,,Tapanuli Utara,"Adian Koting, Pahae Jae, Purba Tua, Tarutung","Dolong Nauli, Setia, Sitolu Ompu, Sitolu Bahal, Parbaju Julu",,,,,,,,,,Pusat,
,,,,,Jaringan KJA,,,,,,,,,,,,,,Pusat,
7,"149 Sarana dan Prasarana Pengolahan dan Pemasaran terdampak Bencana


",Pembangunan/Rehabilitasi Prasarana Pengolahan dan Pemasaran Hasil Kelautan dan Perikanan,Infrastruktur,Prasarana Pengolahan dan Pemasaran Hasil KP Pasca Bencana,Pembangunan/Rehabilitasi Gudang Beku,Sumatera Utara,Langkat,Gebang,Air Hitam ,Pemda/Kelompok Pengolah dan Pemasar Hasil Kelautan dan Perikanan,1 Unit,13000000,,,,,13000000,APBN tambahan,Pusat,Dinas Provinsi/Kab/kota
,,,,,Pembangunan/Rehabilitasi Sentra/Unit Pengolahan Ikan (UPI),,"Deli Serdang
Langkat
Medan 
Sibolga
Tapanuli Selatan
Tapanuli Tengah",,,Kelompok/ Unit  Pengolah dan Pemasar Hasil Kelautan dan Perikanan,,,74 Unit,22200000,74 Unit,22200000,44400000,APBN tambahan,Pusat,
,,Bantuan Sarana Pengolahan dan Pemasaran Hasil Kelautan dan Perikanan,Ekonomi,Sarana Pengolahan dan Pemasaran Hasil KP Pasca Bencana,Pengadaan Peralatan pengolahan,,"Deli Serdang
Langkat
Medan 
Sibolga
Tapanuli Selatan
Tapanuli Tengah",,,Kelompok/ Unit  Pengolah dan Pemasar Hasil Kelautan dan Perikanan,148 Unit,7400000,,,,,7400000,APBN tambahan,Pusat,
Rencana Aksi Rehabilitasi dan Pembangunan Ekonomi Provinsi Sumatera Barat,,,,,,,,,,,,,,,,,,,,
8,"Sarana dan Prasarana Usaha 2,379 Pembudidaya Ikan Terdampak",Rehabilitasi Perikanan Budi Daya,Infrastruktur,Rehabilitasi Prasarana Pascabencana,Perbaikan kolam,Sumatera Barat,"Agam, Kota Padang, Solok, Pariaman","Kamang Magek, Lubuk Basung, Palembayan, Tanjung Mutiara, Tanjung Raya, Tilatang Kamang, Koto Panjang, Koto Tangah, Kuranji, X Koto Singkarak, Batang Anai, IV Koto, Kambang, Lubuk Alung, V Koto","Nagari Kamang Hilir, Nagari Kamang Mudiak, Siguhung, Tanjung Sani, Nagari Salareh Aia, Nagari Salareh Aia Timur, Nagari Tiku Selatan, Nagari Duo Koto, Nagari Koto Kaciak, Nagari Paninjauan, Nagari Gaduik, Nagari Koto Tangah, Ikuah Koto, Pasia Nan Tigo, Balai Gadang, Batipuh Panjang, Bungo Pasang, Lubuk Buayo, Lubuk Minturun, Padang Sarai, gunung Sarik, Lubuk Lintah, Lubuk Tempurung, Pauh, Koto Sani, Kasang, korong Simpang, Enam Lingkung, 2 x 11 Enam Lingkung, Aia Tajun, Kasiak, Singgulung, Kampung Dalam",Lokasi Budi Daya Ikan,Budi Daya Perikanan,24760000,Budi Daya Perikanan,24760000,Budi Daya Perikanan,24760000,74280000,APBN tambahan,Pusat,Dinas Provinsi/Kab/kota
,,,,,Perbaikan jalan produksi,,,,,,,,,,,,,,Pusat,
,,,,,Perbaikan pintu air,,Solok,X Koto Singkarak,Koto Sani,,,,,,,,,,Pusat,
,,,,,Rehabilitasi pematang,,"Kota Solok, Limapuluh Kota, Pasaman, Pesisir Selatan, Tanah Datar","Lubuk Sikarah, Tanjung harapan, Gunuang Omeh, Rao Selatan, Tigo Nagari, Bayang, Koto XI Tarusan, Batipuh, Batipuh Selatan, X Koto","Tanah Garam, laing dan Tanah, Jorong Lakuang, Jorong Lubuak Aua, Jorong Sei Dadok, Nagari Lansek Kadok, Nagari Binjai, Nagari Gurun Panjang Utara, Nagari Kapuh Utara, Nagari Pitalah, Nagari Batu Taba, Nagari Guguk Malalo, Nagari Jaho, Nagari Tambangan",,,,,,,,,,Pusat,Dinas Provinsi/Kab/kota
,,,,,Perbaikan kolam,,,,,,,,,,,,,,Pusat,
,,,,,Rehabilitasi BBI,,Kota Solok,Serasah,Tanjung Harapan,,,,,,,,,,Pusat,
,,,,,Perbaikan saluran,,"Kota Padang, Kota pariaman, Solok","Koto Panjang, Koto Tangah, Kuranji, Pariaman Selatan, Pariaman tengah, Pariaman utara, X Koto Singkarak","Ikuah Koto, Pasia Nan Tigo, Balai Gadang, Batipuh Panjang, Bungo Pasang, Lubuk Buayo, Lubuk Minturun, Padang Sarai, gunung Sarik, Lubuk Lintah, Lubuk Tempurung, Pauh, batu tajongkek, Kurai taji, Taluk, Pauh Timur, Cubadak Air, Manggung , Koto Sani",,,,,,,,,,Pusat,Dinas Provinsi/Kab/kota
,,,,,pengerukan lumpur,,,,,,,,,,,,,,Pusat,Dinas Provinsi/Kab/kota
,,,,,Bantuan benih,Sumatera Barat,"Agam, Kepulauan Mentawai, Kota Padang, Kota Pariaman, Kota Solok, Limapuluh Kota, Pasaman, Pesisir Selatan, Tanah Datar, Solok, Pariaman","Kamang Magek, Lubuk Basung, Palembayan, Tanjung Mutiara, Tanjung Raya, Tilatang Kamang, Siberut Selatan, Siberut Utara, Sipora Selatan, Koto Panjang, Koto Tangah, Kuranji, Pariaman Selatan, Pariaman tengah, Pariaman utara, Lubuk Sikarah, Tanjung harapan, Gunuang Omeh, Rao Selatan, Tigo Nagari, Bayang, Koto XI Tarusan, Batipuh, Batipuh Selatan, X Koto, X Koto Singkarak, Batang Anai, IV Koto, Kambang, Lubuk Alung, V Koto","Nagari Kamang Hilir, Nagari Kamang Mudiak, Siguhung, Tanjung Sani, Nagari Salareh Aia, Nagari Salareh Aia Timur, Nagari Tiku Selatan, Nagari Duo Koto, Nagari Koto Kaciak, Nagari Paninjauan, Nagari Gaduik, Nagari Koto Tangah, Muntei, Sot boyak, Matobe, Ikuah Koto, Pasia Nan Tigo, Balai Gadang, Batipuh Panjang, Bungo Pasang, Lubuk Buayo, Lubuk Minturun, Padang Sarai, gunung Sarik, Lubuk Lintah, Lubuk Tempurung, Pauh, batu tajongkek, Kurai taji, Taluk, Pauh Timur, Cubadak Air, Manggung, Tanah Garam, laing dan Tanah, Jorong Lakuang, Jorong Lubuak Aua, Jorong Sei Dadok, Nagari Lansek Kadok, Nagari Binjai, Nagari Gurun Panjang Utara, Nagari Kapuh Utara, Nagari Pitalah, Nagari Batu Taba, Nagari Guguk Malalo, Nagari Jaho, Nagari Tambangan, Koto Sani, Kasang, korong Simpang, Enam Lingkung, 2 x 11 Enam Lingkung, Aia Tajun, Kasiak, Singgulung, Kampung Dalam",Kelompok Pembudidaya Ikan,Budi Daya Ikan,40710000,Budi Daya Ikan,40710000,Budi Daya Ikan,40710000,122130000,,Pusat,Dinas Provinsi/Kab/kota
,,Bantuan Perikanan Budi Daya,Ekonomi,Pemulihan Ekonomi Pascabencana,Calon induk,,"Agam, Kota Padang, Kota pariaman, Kota Solok, Pasaman, Pesisir Selatan, Solok, Pariaman","Kamang Magek, Lubuk Basung, Palembayan, Tanjung Mutiara, Tanjung Raya, Tilatang Kamang, Koto Panjang, Koto Tangah, Kuranji, Pariaman Selatan, Pariaman tengah, Lubuk Sikarah, Tanjung harapan, Rao Selatan, Tigo Nagari, Bayang, Koto XI Tarusan, X Koto Singkarak, Batang Anai, IV Koto, Kambang, Lubuk Alung, V Koto","Nagari Kamang Hilir, Nagari Kamang Mudiak, Siguhung, Tanjung Sani, Nagari Salareh Aia, Nagari Salareh Aia Timur, Nagari Tiku Selatan, Nagari Duo Koto, Nagari Koto Kaciak, Nagari Paninjauan, Nagari Gaduik, Nagari Koto Tangah, Ikuah Koto, Pasia Nan Tigo, Balai Gadang, Batipuh Panjang, Bungo Pasang, Lubuk Buayo, Lubuk Minturun, Padang Sarai, gunung Sarik, Lubuk Lintah, Lubuk Tempurung, Pauh, batu tajongkek, Kurai taji, Taluk, Pauh Timur, Tanah Garam, laing dan Tanah, Tanjung Harapan, Nagari Lansek Kadok, Nagari Binjai, Nagari Gurun Panjang Utara, Nagari Kapuh Utara, Koto Sani, Kasang, korong Simpang, Enam Lingkung, 2 x 11 Enam Lingkung, Aia Tajun, Kasiak, Singgulung, Kampung Dalam",,,,,,,,,APBN tambahan,Pusat,Dinas Provinsi/Kab/kota
,,,,,Pakan ikan,,"Agam, Kepulauan Mentawai, Kota Padang, Kota Pariaman, Kota Solok, Limapuluh Kota, Pasaman, Pesisir Selatan, Tanah Datar, Solok, Pariaman","Kamang Magek, Lubuk Basung, Palembayan, Tanjung Mutiara, Tanjung Raya, Tilatang Kamang, Siberut Selatan, Siberut Utara, Sipora Selatan, Koto Panjang, Koto Tangah, Kuranji, Pariaman Selatan, Pariaman tengah, Pariaman utara, Lubuk Sikarah, Tanjung harapan, Gunuang Omeh, Rao Selatan, Tigo Nagari, Bayang, Koto XI Tarusan, Batipuh, Batipuh Selatan, X Koto, X Koto Singkarak, Batang Anai, IV Koto, Kambang, Lubuk Alung, V Koto","Nagari Kamang Hilir, Nagari Kamang Mudiak, Siguhung, Tanjung Sani, Nagari Salareh Aia, Nagari Salareh Aia Timur, Nagari Tiku Selatan, Nagari Duo Koto, Nagari Koto Kaciak, Nagari Paninjauan, Nagari Gaduik, Nagari Koto Tangah, Muntei, Sot boyak, Matobe, Ikuah Koto, Pasia Nan Tigo, Balai Gadang, Batipuh Panjang, Bungo Pasang, Lubuk Buayo, Lubuk Minturun, Padang Sarai, gunung Sarik, Lubuk Lintah, Lubuk Tempurung, Pauh, batu tajongkek, Kurai taji, Taluk, Pauh Timur, Cubadak Air, Manggung, Tanah Garam, laing dan Tanah, Jorong Lakuang, Jorong Lubuak Aua, Jorong Sei Dadok, Nagari Lansek Kadok, Nagari Binjai, Nagari Gurun Panjang Utara, Nagari Kapuh Utara, Nagari Pitalah, Nagari Batu Taba, Nagari Guguk Malalo, Nagari Jaho, Nagari Tambangan, Koto Sani, Kasang, korong Simpang, Enam Lingkung, 2 x 11 Enam Lingkung, Aia Tajun, Kasiak, Singgulung, Kampung Dalam",,,,,,,,,,Pusat,
,,,,,Excavator,,"Kota Padang, Pasaman, Tanah Datar, Solok, Pariaman","Kuranji, Tigo Nagari, Batipuh Selatan, X Koto Singkarak, Batang Anai","Gunung Sarik, Nagari Binjai, Nagari Guguk Malalo, Koto Sani, Kasang",,,,,,,,,,Pusat,
,,,,,Rehabilitasi ruang penanganan bahan baku,,,,,,,,,,,,,,Pusat,
9,"85 Sarana dan Prasarana Pengolahan dan Pemasaran terdampak Bencana


",Pembangunan/Rehabilitasi Prasarana Pengolahan dan Pemasaran Hasil Kelautan dan Perikanan,Infrastruktur,Prasarana Pengolahan dan Pemasaran Hasil KP Pasca Bencana,Pembangunan/Rehabilitasi Sentra/Unit Pengolahan Ikan (UPI),Sumatera Barat,"Agam
Kota Padang
Solok
Tanah Datar",,,Kelompok Pengolah dan Pemasar Hasil Kelautan dan Perikanan,1 Unit,5000000,42 Unit,12600000,43 Unit ,12900000,30500000,APBN tambahan,Pusat,Dinas Provinsi/Kab/kota
,,Bantuan Sarana Pengolahan dan Pemasaran Hasil Kelautan dan Perikanan,Ekonomi,Sarana Pengolahan dan Pemasaran Hasil KP Pasca Bencana,Pengadaan Peralatan pengolahan ,,"Agam
Kota Padang
Solok
Tanah Datar",,,Kelompok Pengolah dan Pemasar Hasil Kelautan dan Perikanan,85 Unit,4250000,,,,,4250000,,Pusat,
10,Sarana dan Prasarana Usaha KP 33 Nelayan ,Bantuan Sarpras Pelabuhan Perikanan,Ekonomi,Pemulihan Ekonomi Pascabencana,Kapal perikanan,Sumatera Barat,"Kota Padang, Kota Pariaman, Padang Pariaman, Pesisir Selatan, Agam",,,Kelompok Nelayan,Sarana Penangkapan Ikan,4996000,,,,,4996000,APBN tambahan,Pusat,Dinas Provinsi/Kab/kota
,,,,,Mesin kapal,,,,,,,,,,,,,,,
,,,,,Alat penangkapan ikan,,,,,,,,,,,,,,,
,,Dukungan Operasional untuk Rehabilitasi dan Pemulihan Pascabencana,,,,,,,,,,173707958,,72205090,,70164820,316077868,,,
,,,,,,,,,,,,1753325758,,1516306890,,1473461220,4743093868,,,
